location_name,date,cumul_deaths,deaths,1_day_cumul_mean,1_day_cumul_lower,1_day_cumul_upper,1_day_mean,1_day_lower,1_day_upper,2_day_cumul_mean,2_day_cumul_lower,2_day_cumul_upper,2_day_mean,2_day_lower,2_day_upper,3_day_cumul_mean,3_day_cumul_lower,3_day_cumul_upper,3_day_mean,3_day_lower,3_day_upper,4_day_cumul_mean,4_day_cumul_lower,4_day_cumul_upper,4_day_mean,4_day_lower,4_day_upper,5_day_cumul_mean,5_day_cumul_lower,5_day_cumul_upper,5_day_mean,5_day_lower,5_day_upper,6_day_cumul_mean,6_day_cumul_lower,6_day_cumul_upper,6_day_mean,6_day_lower,6_day_upper,7_day_cumul_mean,7_day_cumul_lower,7_day_cumul_upper,7_day_mean,7_day_lower,7_day_upper,8_day_cumul_mean,8_day_cumul_lower,8_day_cumul_upper,8_day_mean,8_day_lower,8_day_upper,9_day_cumul_mean,9_day_cumul_lower,9_day_cumul_upper,9_day_mean,9_day_lower,9_day_upper,10_day_cumul_mean,10_day_cumul_lower,10_day_cumul_upper,10_day_mean,10_day_lower,10_day_upper,14_day_cumul_mean,14_day_cumul_lower,14_day_cumul_upper,14_day_mean,14_day_lower,14_day_upper,21_day_cumul_mean,21_day_cumul_lower,21_day_cumul_upper,21_day_mean,21_day_lower,21_day_upper
Abruzzo,2020-04-03,146,13,153.0,153.0,153.0,7.0,7.0,7.0,158.0,158.0,158.0,5.0,5.0,5.0,168.41400000000002,165.0,174.0,10.414000000000001,7.0,16.0,173.627,168.0,181.0,5.212999999999999,2.0,10.0,177.732,171.0,187.0,4.105,2.0,9.0,181.14,174.0,190.0,3.408,2.0,8.0,183.785,177.0,193.0,2.645,1.0,6.0,185.75599999999997,179.0,195.0,1.9709999999999999,1.0,4.0,187.263,180.0,197.0,1.507,1.0,3.0,188.36900000000003,181.0,198.0,1.1059999999999999,0.0,3.0,189.86599999999999,182.0,199.0,0.054000000000000006,0.0,1.0,189.875,182.0,199.0,0.0,0.0,0.0
Alabama,2020-04-03,38,6,56.602,44.0,98.025,18.602,6.0,60.025,72.344,50.0,128.025,15.742,2.0,60.05,88.743,56.0,165.025,16.399,2.0,63.025,107.242,66.0,191.05,18.499000000000002,3.0,71.05,127.759,73.975,236.025,20.517,3.0,83.09999999999991,149.79399999999998,89.0,263.1,22.035,4.0,71.0,172.60299999999998,105.0,296.025,22.809,5.0,68.0,198.908,119.95,341.0,26.305,6.0,87.025,227.91099999999997,134.975,392.025,29.003,6.0,99.025,257.88599999999997,151.0,443.1,29.975,5.0,110.0,402.847,223.0,740.025,40.522,4.0,178.075,683.4060000000001,325.0,1398.15,35.373000000000005,2.0,204.2
Alaska,2020-04-03,3,0,16.907,4.0,88.025,13.907,1.0,85.025,26.035999999999998,5.0,117.0,9.129,0.0,52.074999999999896,37.235,6.0,167.125,11.199000000000002,0.0,71.025,50.838,9.0,220.1,13.603,0.0,90.17499999999978,64.861,11.0,273.15,14.023,0.0,75.025,77.366,15.0,288.025,12.505,0.0,73.0749999999999,93.588,18.0,327.549999999999,16.222,0.0,114.0,105.492,22.975,391.05,11.904000000000002,0.0,69.025,122.604,28.0,485.125,17.112000000000002,1.0,125.075,134.32299999999998,35.0,488.475,11.719000000000001,1.0,63.0,178.075,59.0,530.4,9.81,1.0,47.05,268.767,106.975,713.649999999999,7.894,1.0,45.05
Andalucia,2020-04-03,426,50,470.0,470.0,470.0,44.0,44.0,44.0,509.48800000000006,486.0,551.0,39.488,16.0,81.0,547.935,507.0,612.0,38.446999999999996,15.0,83.025,585.055,534.0,659.0,37.12,12.0,77.0,618.621,558.975,704.0,33.566,11.0,84.0,649.74,584.975,737.05,31.119,11.0,76.0,677.409,605.0,775.025,27.669,7.0,72.0,702.19,625.925,809.025,24.781,6.0,78.0,725.087,644.975,841.0,22.897,5.0,69.0,742.841,657.0,862.025,17.754,4.0,58.0,786.701,689.875,905.05,7.392,1.0,34.0,806.544,705.0,924.025,0.7929999999999999,0.0,3.0
Aragon,2020-04-03,251,27,270.0,270.0,270.0,19.0,19.0,19.0,321.732,301.0,352.0,51.732,31.0,82.0,367.351,336.0,412.0,45.619,23.0,77.0,418.82300000000004,378.0,479.0,51.472,27.0,82.0,471.62699999999995,418.0,536.0,52.803999999999995,28.0,89.0,530.302,468.0,602.0,58.675,33.0,95.025,592.766,523.0,671.0,62.464,33.0,113.0,660.387,573.0,750.0,67.62100000000001,33.0,120.025,728.5360000000001,624.0,836.025,68.149,31.0,136.0,800.539,700.0,942.0,72.003,32.0,153.0,1135.262,983.975,1320.0,89.145,50.0,182.025,1771.2020000000002,1551.95,2003.0,91.61,60.0,135.0
Arizona,2020-04-03,41,9,46.768,41.0,60.0,5.768,0.0,19.0,53.958,44.0,77.0,7.19,1.0,22.0,61.84,47.0,91.025,7.882000000000001,1.0,30.0,70.298,52.975,104.0,8.458,2.0,27.0,79.72800000000001,59.975,114.0,9.43,2.0,27.0,90.1,67.0,128.0,10.372,3.0,29.025,100.93799999999999,73.0,145.0,10.838,3.0,30.025,112.15899999999999,80.0,158.025,11.220999999999998,3.0,31.025,124.28,89.0,179.0,12.120999999999999,2.0,42.0749999999999,137.546,97.0,199.05,13.265999999999998,3.0,43.0,195.033,138.975,277.025,14.812999999999999,3.0,51.025,312.019,203.975,511.0,17.35,2.0,71.1249999999999
Arkansas,2020-04-03,12,0,16.19,12.0,24.025,4.19,0.0,12.025,19.15,13.0,31.0,2.96,0.0,12.0,22.386999999999997,15.0,36.025,3.237,0.0,12.0,26.166,17.0,45.0,3.779,1.0,16.0,30.081999999999997,20.0,52.0,3.9160000000000004,1.0,15.0,34.842,22.0,66.025,4.76,1.0,21.025,39.699,25.0,70.025,4.857,1.0,16.025,44.638999999999996,28.975,75.0,4.94,1.0,15.0,50.255,32.0,88.0,5.6160000000000005,1.0,20.0,56.43899999999999,36.0,97.0,6.184,1.0,21.025,85.791,52.0,151.0,8.338,1.0,29.0,151.067,90.975,266.025,9.522,1.0,42.0
Asturias,2020-04-03,76,6,80.0,80.0,80.0,4.0,4.0,4.0,81.94200000000001,80.0,84.0,1.942,0.0,4.0,83.84100000000001,82.0,88.0,1.899,1.0,5.0,85.338,83.0,89.0,1.4969999999999999,0.0,4.0,86.48899999999999,83.0,91.0,1.151,0.0,3.0,87.14399999999999,84.0,92.0,0.655,0.0,2.0,87.545,84.0,93.0,0.401,0.0,2.0,87.686,84.0,93.0,0.141,0.0,1.0,87.755,84.0,93.0,0.069,0.0,1.0,87.79299999999999,84.0,93.0,0.038,0.0,1.0,87.83200000000001,84.0,93.0,0.003,0.0,0.0,87.83200000000001,84.0,93.0,0.0,0.0,0.0
Austria,2020-04-03,168,10,186.0,186.0,186.0,18.0,18.0,18.0,204.0,204.0,204.0,18.0,18.0,18.0,220.78900000000002,208.0,247.0,16.789,4.0,43.0,239.98,219.0,272.0,19.191,6.975,41.0,258.82599999999996,232.0,299.025,18.846,6.0,48.0,276.315,243.0,322.0,17.489,5.0,45.025,292.367,256.0,340.025,16.052,5.0,41.0,307.952,268.0,364.0,15.585,4.0,42.025,321.606,280.0,378.025,13.654000000000002,4.0,37.0,332.681,289.975,390.025,11.075,3.0,30.0,366.657,317.0,438.0,6.112,1.0,23.0,383.80699999999996,333.0,452.075,0.831,0.0,2.0
Baden-Wurttemberg,2020-04-03,285,44,316.0,316.0,316.0,31.0,31.0,31.0,367.0,367.0,367.0,51.0,51.0,51.0,427.999,396.0,483.0,60.998999999999995,29.0,116.0,485.324,429.0,561.025,57.325,23.0,124.0,546.549,469.95,658.025,61.225,20.0,151.0,607.99,512.0,740.0,61.441,18.975,159.0,672.97,548.975,835.0,64.98,17.0,189.025,735.472,580.925,995.025,62.501999999999995,13.975,191.025,798.198,622.0,1078.05,62.726000000000006,13.0,200.025,861.8610000000001,664.925,1225.1,63.663000000000004,9.0,296.05,1063.0710000000001,793.0,1511.0,53.126000000000005,3.0,226.025,1243.546,916.0,1770.225,14.775,4.0,37.0
Balearic Islands,2020-04-03,71,2,75.0,75.0,75.0,4.0,4.0,4.0,87.436,83.0,95.0,12.436,8.0,20.0,94.455,87.0,106.0,7.019,2.0,15.0,101.25200000000001,91.0,117.0,6.797000000000001,2.0,16.0,107.094,94.0,127.0,5.8420000000000005,2.0,16.0,112.05,97.975,134.0,4.956,1.0,15.0,116.602,100.975,139.0,4.552,1.0,15.025,120.363,103.975,143.0,3.761,1.0,13.0,123.19,105.0,148.025,2.827,0.0,13.0,125.71799999999999,106.975,152.0,2.528,0.0,10.0,131.015,109.975,166.025,0.789,0.0,5.0,132.283,111.0,167.025,0.0,0.0,0.0
Basilicata,2020-04-03,11,1,11.0,11.0,11.0,0.0,0.0,0.0,13.0,13.0,13.0,2.0,2.0,2.0,13.593,13.0,17.0,0.593,0.0,4.0,14.429,13.0,20.0,0.836,0.0,4.0,15.203,13.0,22.0,0.774,0.0,3.0,15.936,13.0,24.0,0.733,0.0,4.0,16.566,13.0,25.0,0.63,0.0,3.0,17.109,13.0,25.0,0.5429999999999999,0.0,2.0,17.64,13.0,26.0,0.531,0.0,2.0,17.965,13.0,27.0,0.325,0.0,2.0,18.525,13.0,28.0,0.062,0.0,1.0,18.607,13.0,28.0,0.002,0.0,0.0
Basque County,2020-04-03,477,33,515.0,515.0,515.0,38.0,38.0,38.0,548.163,536.0,569.025,33.163000000000004,21.0,54.025,577.505,556.975,606.0,29.342,15.0,51.0,605.5840000000001,581.0,639.0,28.079,15.0,46.0,631.05,603.0,664.0,25.465999999999998,15.0,41.0,654.104,624.0,692.0,23.054000000000002,11.0,41.0,673.515,643.0,711.0,19.410999999999998,11.0,35.0,691.4830000000001,658.975,736.0,17.968,8.0,35.0,706.525,672.0,749.0,15.042,7.0,29.0,718.9169999999999,684.0,769.0,12.392000000000001,6.0,25.0,751.084,715.0,798.0,5.699,3.0,9.0,767.628,731.0,816.0,0.997,1.0,1.0
Bavaria,2020-04-03,307,39,349.0,349.0,349.0,42.0,42.0,42.0,396.0,396.0,396.0,47.0,47.0,47.0,469.728,428.0,546.025,73.72800000000001,32.0,150.025,545.939,473.0,649.0,76.211,29.0,171.0,624.758,515.0,758.0,78.819,24.975,197.0,711.1239999999999,577.0,917.025,86.366,27.0,220.0,795.622,644.975,1034.05,84.49799999999999,23.0,237.025,882.5089999999999,698.0,1151.075,86.887,23.0,233.0,971.334,755.0,1322.2,88.825,18.0,253.0,1054.962,805.725,1487.1,83.62799999999999,11.0,346.075,1396.8970000000002,1011.0,2089.125,81.1,5.0,430.125,1880.675,1330.875,2978.6,49.659,12.0,131.05
Belgium,2020-04-03,1143,132,1283.0,1283.0,1283.0,140.0,140.0,140.0,1447.0,1447.0,1447.0,164.0,164.0,164.0,1658.5729999999999,1529.0,1970.175,211.57299999999998,82.0,523.175,1858.096,1640.975,2237.15,199.523,67.0,401.0,2049.479,1786.975,2467.0,191.38299999999998,71.0,433.125,2242.593,1916.95,2733.15,193.114,76.0,442.025,2420.127,2044.975,2919.15,177.53400000000002,77.0,362.2,2588.2729999999997,2178.0,3093.1,168.146,72.0,347.025,2741.756,2324.0,3266.05,153.483,69.0,305.15,2885.1220000000003,2426.975,3421.275,143.366,50.0,325.025,3283.948,2804.7,3875.075,78.62100000000001,24.0,206.0,3520.7090000000003,3032.525,4099.05,12.145,5.0,23.0
Berlin,2020-04-03,20,1,22.0,22.0,22.0,2.0,2.0,2.0,24.0,24.0,24.0,2.0,2.0,2.0,27.288,25.0,34.0,3.2880000000000003,1.0,10.0,30.767,26.0,41.0,3.4789999999999996,1.0,12.0,34.259,28.0,51.0,3.492,1.0,11.0,37.989000000000004,30.0,55.0,3.73,1.0,12.0,42.233999999999995,33.0,62.0,4.245,1.0,13.0,46.457,35.0,66.0,4.223,1.0,14.0,50.99,38.0,75.0,4.533,1.0,14.0,55.596000000000004,43.0,78.0,4.606,1.0,18.0,77.597,56.975,115.0,5.601,1.0,21.025,113.084,81.975,169.05,4.365,1.0,13.0
Brandenburg,2020-04-03,9,2,12.0,12.0,12.0,3.0,3.0,3.0,17.0,17.0,17.0,5.0,5.0,5.0,24.891,17.0,55.0,7.891,0.0,38.0,32.376,18.0,71.0,7.485,0.0,31.0,40.133,19.0,106.05,7.757000000000001,0.0,39.0,48.81399999999999,22.0,115.0,8.681000000000001,1.0,34.0,58.207,27.0,127.025,9.392999999999999,1.0,41.0,65.916,31.0,137.025,7.709,1.0,35.0,72.705,35.0,140.0,6.789,1.0,30.0,79.033,40.0,156.05,6.327999999999999,1.0,32.0,93.90299999999999,47.0,177.15,2.886,0.0,17.025,98.21,49.0,194.05,0.052000000000000005,0.0,1.0
Bremen,2020-04-03,6,0,6.0,6.0,6.0,0.0,0.0,0.0,6.0,6.0,6.0,0.0,0.0,0.0,7.553,6.0,13.0,1.5530000000000002,0.0,7.0,8.476,6.0,14.025,0.9229999999999999,0.0,5.0,9.471,6.0,18.0,0.995,0.0,4.0,10.421,7.0,19.025,0.95,0.0,4.0,11.58,7.0,22.025,1.159,0.0,5.0,12.797,8.0,24.0,1.217,0.0,5.02499999999998,14.094000000000001,8.0,26.0,1.297,0.0,6.0,15.222000000000001,9.0,27.0,1.128,0.0,5.0,19.195,11.0,35.0,0.794,0.0,4.02499999999998,22.45,13.0,39.025,0.18899999999999997,0.0,2.0
Bulgaria,2020-04-03,14,4,17.0,17.0,17.0,3.0,3.0,3.0,20.0,20.0,20.0,3.0,3.0,3.0,25.249000000000002,21.0,34.025,5.249,1.0,14.025,28.541999999999998,21.0,43.025,3.293,0.0,13.0,32.521,21.0,53.025,3.9789999999999996,0.0,16.025,36.803000000000004,24.0,59.0,4.282,1.0,12.0,41.64,27.0,67.0,4.837,1.0,14.0,47.058,31.0,73.0,5.417999999999999,1.0,18.0,53.06399999999999,35.0,82.05,6.006,1.0,21.0,59.343,39.0,102.025,6.279,1.0,22.025,88.27600000000001,56.0,162.025,7.247000000000001,1.0,39.0,153.144,99.0,253.05,9.64,2.975,29.0
Calabria,2020-04-03,46,4,50.0,50.0,50.0,4.0,4.0,4.0,57.0,57.0,57.0,7.0,7.0,7.0,59.703,57.0,65.0,2.7030000000000003,0.0,8.0,63.468,59.0,70.0,3.765,1.0,8.0,67.117,62.0,74.0,3.6489999999999996,1.0,9.0,70.319,64.0,80.0,3.202,1.0,9.0,73.262,66.0,84.0,2.943,1.0,8.0,75.876,67.0,88.0,2.614,1.0,9.0,78.036,69.0,91.0,2.16,0.0,7.0,79.771,70.0,93.0,1.735,0.0,6.0,84.583,74.0,100.0,0.792,0.0,5.0,86.48700000000001,74.0,103.0,0.009000000000000001,0.0,0.0
California,2020-04-03,265,27,311.22900000000004,286.0,362.0,46.229,21.0,97.0,353.277,310.0,424.0,42.048,15.0,98.025,396.47900000000004,339.0,484.025,43.202,13.0,97.025,443.996,371.0,556.075,47.516999999999996,12.0,120.0,494.51,405.0,640.025,50.513999999999996,13.0,146.05,546.056,433.975,719.025,51.54600000000001,12.0,167.075,604.2230000000001,472.975,820.025,58.167,10.0,191.025,659.5419999999999,497.975,889.15,55.318999999999996,8.0,198.1,717.538,541.975,972.05,57.996,8.0,220.025,780.712,587.0,1077.15,63.174,7.0,222.05,1042.698,728.975,1581.1,69.567,8.975,293.4,1427.3410000000001,1087.975,2035.325,46.476000000000006,22.0,87.05
Campania,2020-04-03,181,14,186.0,186.0,186.0,5.0,5.0,5.0,189.0,189.0,189.0,3.0,3.0,3.0,205.865,201.0,216.0,16.865,12.0,27.0,213.886,207.0,226.0,8.021,4.0,15.0,221.06400000000002,212.0,235.0,7.178,3.0,13.0,227.113,217.0,240.025,6.0489999999999995,3.0,11.0,232.18900000000002,222.0,246.0,5.0760000000000005,3.0,10.0,236.43200000000002,225.0,251.025,4.243,2.0,8.0,239.797,228.0,255.0,3.365,2.0,6.0,242.463,231.0,257.0,2.6660000000000004,1.0,5.0,248.52200000000002,237.0,264.0,0.94,0.0,2.0,249.639,238.0,265.0,0.0,0.0,0.0
Canary Islands,2020-04-03,78,5,80.0,80.0,80.0,2.0,2.0,2.0,87.415,84.0,95.0,7.415,4.0,15.0,92.12700000000001,86.0,102.0,4.712,2.0,11.0,96.436,88.0,109.0,4.309,1.0,12.0,100.163,91.0,117.0,3.727,1.0,12.0,103.28,93.0,122.025,3.117,1.0,9.02499999999998,105.914,94.0,127.0,2.634,1.0,8.0,108.12200000000001,96.0,132.0,2.208,0.0,8.0,109.919,96.0,135.0,1.797,0.0,8.0,111.37,97.0,139.0,1.4509999999999998,0.0,6.0,113.946,97.975,146.0,0.374,0.0,3.0,114.366,98.0,146.0,0.004,0.0,0.0
Cantabria,2020-04-03,68,4,68.0,68.0,68.0,0.0,0.0,0.0,81.398,74.0,95.0,13.398,6.0,27.0,88.853,78.0,107.0,7.455,3.0,15.0,95.71,83.0,115.0,6.857,2.0,18.0,101.883,87.0,124.0,6.172999999999999,2.0,21.0,107.279,91.0,130.0,5.396,1.0,16.0,112.311,94.0,140.0,5.032,1.0,20.0,116.285,97.0,147.0,3.9739999999999998,1.0,17.0,119.537,99.0,151.0,3.252,0.0,13.025,121.929,101.0,154.0,2.392,0.0,10.0,127.492,104.975,160.025,0.7090000000000001,0.0,4.0,128.528,105.0,161.0,0.0,0.0,0.0
Castile and Leon,2020-04-03,786,63,847.0,847.0,847.0,61.0,61.0,61.0,916.965,883.975,974.0,69.965,36.975,127.0,967.1460000000001,920.0,1038.0,50.181000000000004,22.0,105.0,1008.553,948.0,1088.0,41.407,17.0,92.025,1044.454,980.975,1129.025,35.900999999999996,15.0,80.0,1075.328,1001.0,1162.0,30.874000000000002,11.0,71.0,1099.367,1020.0,1194.0,24.039,9.0,59.0,1117.421,1037.0,1213.025,18.054000000000002,6.0,43.0,1131.08,1052.95,1228.025,13.659,4.0,36.0,1141.414,1061.95,1236.025,10.334000000000001,3.0,26.0,1160.807,1077.975,1265.025,2.61,1.0,8.0,1164.5330000000001,1081.925,1270.0,0.0,0.0,0.0
Castilla-La Mancha,2020-04-03,989,73,1055.0,1055.0,1055.0,66.0,66.0,66.0,1110.255,1084.0,1160.05,55.255,29.0,105.05,1148.818,1111.0,1215.0,38.563,17.0,78.0,1179.808,1137.0,1244.0,30.99,14.0,63.0,1204.55,1155.0,1270.0,24.741999999999997,11.0,47.0,1222.563,1174.0,1287.0,18.012999999999998,8.0,36.0,1236.264,1188.975,1304.0,13.700999999999999,6.0,25.0,1245.74,1195.0,1313.05,9.476,4.0,19.0,1252.4660000000001,1202.0,1321.0,6.726,2.0,14.0,1256.95,1207.0,1326.0,4.484,2.0,10.0,1263.628,1214.0,1333.025,0.644,0.0,2.0,1263.903,1215.0,1333.025,0.0,0.0,0.0
Catalonia,2020-04-03,2508,173,2637.0,2637.0,2637.0,129.0,129.0,129.0,2846.4240000000004,2790.975,2932.0,209.424,153.975,295.0,2943.145,2863.975,3051.0,96.721,53.0,155.0,3018.613,2922.0,3139.025,75.468,38.0,127.0,3079.4590000000003,2977.975,3200.025,60.846000000000004,36.0,105.0,3126.909,3022.975,3242.0,47.45,26.975,83.0,3166.0640000000003,3056.925,3280.025,39.155,20.0,64.0,3199.627,3083.0,3320.025,33.563,19.0,55.025,3228.6809999999996,3116.0,3345.05,29.054000000000002,15.0,50.0,3255.363,3137.925,3374.025,26.682,14.0,46.0,3340.634,3219.0,3468.0,18.477,13.0,25.0,3417.821,3298.0,3548.0,6.154,4.0,9.0
Ceuta,2020-04-03,1,0,2.0,2.0,2.0,1.0,1.0,1.0,2.0,2.0,2.0,0.0,0.0,0.0,2.0,2.0,2.0,0.0,0.0,0.0,2.0,2.0,2.0,0.0,0.0,0.0,2.0,2.0,2.0,0.0,0.0,0.0,2.001,2.0,2.0,0.001,0.0,0.0,2.006,2.0,2.0,0.005,0.0,0.0,2.02,2.0,2.0,0.013999999999999999,0.0,0.0,2.056,2.0,3.0,0.036000000000000004,0.0,0.0,2.073,2.0,3.0,0.017,0.0,0.0,2.262,2.0,4.0,0.061,0.0,1.0,2.8560000000000003,2.0,6.0,0.079,0.0,1.0
Colorado,2020-04-03,97,17,107.262,99.0,123.0,10.262,2.0,26.0,121.318,108.0,142.0,14.056,5.0,31.0,135.099,117.0,161.025,13.780999999999999,4.0,34.0,148.55100000000002,127.0,181.075,13.452,4.0,34.0,161.899,136.0,205.0,13.347999999999999,3.0,37.1499999999999,174.81900000000002,145.0,221.025,12.92,3.0,36.05,186.88400000000001,154.0,241.05,12.065,2.0,35.025,198.877,162.0,270.0,11.993,2.0,43.074999999999896,209.352,170.0,281.075,10.475,2.0,35.0,219.24099999999999,176.975,294.0,9.889,1.0,38.0,254.386,200.0,339.0,8.491,1.0,30.0,290.709,231.975,376.025,3.284,1.0,7.024999999999981
Community of Madrid,2020-04-03,4723,240,4941.0,4941.0,4941.0,218.0,218.0,218.0,5159.042,5095.0,5263.025,218.042,154.0,322.025,5288.876,5194.0,5432.025,129.834,71.975,218.05,5393.081999999999,5282.0,5561.0,104.206,56.975,184.0,5473.722,5343.975,5665.05,80.64,38.975,143.0,5533.3330000000005,5389.0,5738.025,59.611000000000004,27.975,115.0,5578.562,5426.975,5801.025,45.229,20.0,91.0,5612.4490000000005,5452.975,5851.025,33.887,15.0,72.0,5636.8240000000005,5475.875,5888.075,24.375,10.0,54.0,5653.464,5483.95,5913.05,16.64,6.0,38.0,5680.499,5504.975,5949.125,3.093,1.0,7.0,5684.403,5506.975,5958.05,0.0,0.0,0.0
Connecticut,2020-04-03,131,19,178.842,157.0,213.025,47.842,26.0,82.025,219.446,181.975,285.05,40.604,14.0,92.025,269.244,210.975,373.0,49.798,14.0,127.075,327.142,242.0,457.0,57.898,15.0,152.0,392.59,278.975,569.0,65.44800000000001,14.975,207.1,466.93699999999995,328.975,673.025,74.347,15.975,205.05,555.753,378.0,877.1,88.816,16.975,323.175,643.245,428.0,1028.1,87.492,11.975,350.0,753.448,480.0,1370.0,110.20299999999999,14.0,536.425,866.148,536.925,1527.15,112.7,12.0,496.125,1460.463,814.975,2964.475,158.561,18.0,691.25,2750.85,1647.75,4405.025,190.27900000000002,70.975,532.125
Croatia,2020-04-03,8,1,12.0,12.0,12.0,4.0,4.0,4.0,15.0,15.0,15.0,3.0,3.0,3.0,16.51,15.0,23.025,1.51,0.0,8.02499999999998,18.95,15.0,29.0,2.44,0.0,10.025,21.695999999999998,16.0,37.0,2.7460000000000004,0.0,12.0,24.32,17.0,42.025,2.6239999999999997,0.0,10.0,27.781,19.0,46.025,3.4610000000000003,0.0,16.0,31.74,21.0,52.0,3.9589999999999996,1.0,15.0,36.215,23.0,58.025,4.475,1.0,19.025,40.907,27.0,66.025,4.692,1.0,14.0,62.986000000000004,41.0,97.0,5.746,1.0,24.0,112.178,79.0,168.05,7.252000000000001,1.0,26.025
Cyprus,2020-04-03,11,1,11.0,11.0,11.0,0.0,0.0,0.0,11.0,11.0,11.0,0.0,0.0,0.0,13.655,12.0,17.025,2.655,1.0,6.024999999999981,14.682,12.0,20.0,1.0270000000000001,0.0,5.0,15.677,13.0,22.0,0.995,0.0,5.0,16.762999999999998,13.0,25.0,1.0859999999999999,0.0,5.0,17.955,14.0,27.0,1.192,0.0,4.0,19.320999999999998,14.0,29.0,1.3659999999999999,0.0,5.0,20.706,15.0,30.025,1.385,0.0,6.0,22.203000000000003,16.0,33.0,1.4969999999999999,0.0,5.0,28.313000000000002,21.0,39.025,1.501,0.0,7.0,39.268,28.0,54.025,1.5819999999999999,0.0,5.0
Czechia,2020-04-03,53,9,59.0,59.0,59.0,6.0,6.0,6.0,67.0,67.0,67.0,8.0,8.0,8.0,80.90899999999999,70.0,118.0,13.909,3.0,51.0,95.91,74.0,156.0,15.001,2.0,69.025,111.589,81.0,192.025,15.679,1.0,74.0,126.895,89.0,214.0,15.306,2.0,53.0,146.096,99.0,258.025,19.201,3.0,75.025,165.449,109.0,298.0,19.352999999999998,3.975,84.0,186.36900000000003,122.0,316.0,20.92,4.0,89.0,209.528,134.0,346.025,23.159000000000002,4.0,106.025,289.27,192.0,453.025,18.454,3.0,66.0,384.57300000000004,264.95,611.025,8.187000000000001,2.0,24.025
Delaware,2020-04-03,14,2,16.980999999999998,15.0,23.0,2.9810000000000003,1.0,9.0,19.656,15.975,28.0,2.675,0.0,10.025,22.339000000000002,17.0,33.0,2.6830000000000003,0.0,10.0,24.837,18.0,39.025,2.498,0.0,11.025,27.338,19.0,43.025,2.501,0.0,10.0,29.845,21.0,46.025,2.5069999999999997,0.0,8.0,32.258,23.0,50.0,2.4130000000000003,0.0,8.02499999999998,34.726,24.0,54.0,2.468,0.0,8.0,36.824,26.0,55.0,2.0980000000000003,0.0,7.0,38.804,28.0,57.025,1.98,0.0,8.0,45.22,32.0,64.0,1.275,0.0,5.0,49.817,35.975,70.0,0.243,0.0,2.0
Denmark,2020-04-03,139,16,161.0,161.0,161.0,22.0,22.0,22.0,179.0,179.0,179.0,18.0,18.0,18.0,201.39700000000002,189.0,225.0,22.397,10.0,46.0,222.03400000000002,200.0,250.0,20.636999999999997,7.0,41.0,243.27900000000002,214.975,282.0,21.245,8.0,46.0,265.163,231.0,308.0,21.884,7.0,54.0,286.719,246.975,336.0,21.555999999999997,7.0,49.025,308.666,262.975,366.025,21.947,7.0,55.05,330.654,280.975,395.0,21.988000000000003,8.0,49.025,352.44699999999995,297.0,425.025,21.793000000000003,8.0,60.0,425.65,351.975,520.025,16.924,4.0,48.025,500.75,405.975,622.05,7.059,2.0,19.0
District of Columbia,2020-04-03,15,3,15.823,15.0,22.0,0.823,0.0,7.0,17.824,15.0,25.025,2.001,0.0,8.0,19.932000000000002,16.0,29.0,2.108,0.0,8.0,22.055,17.0,33.0,2.123,0.0,8.0,24.083000000000002,18.0,36.0,2.028,0.0,7.0,26.048000000000002,19.0,40.0,1.965,0.0,6.0,28.074,21.0,42.0,2.026,1.0,6.0,30.011,22.0,45.0,1.9369999999999998,1.0,6.0,31.913,23.0,48.0,1.902,0.0,6.0,33.885999999999996,24.0,52.0,1.973,0.0,7.0,41.583,28.0,66.0,1.921,0.0,7.0,52.36,34.0,87.025,1.222,0.0,5.0
Emilia-Romagna,2020-04-03,1902,91,1977.0,1977.0,1977.0,75.0,75.0,75.0,2051.0,2051.0,2051.0,74.0,74.0,74.0,2111.394,2083.0,2147.0,60.394,32.0,96.0,2154.035,2117.0,2199.0,42.641000000000005,21.0,70.025,2191.438,2146.0,2245.05,37.403,18.975,62.025,2223.362,2176.975,2281.025,31.924,16.0,54.025,2250.359,2199.975,2311.025,26.997,16.0,43.0,2273.062,2222.0,2339.0,22.703000000000003,13.0,35.0,2291.2,2239.0,2356.0,18.137999999999998,10.0,28.0,2306.18,2253.0,2369.025,14.98,9.0,23.0,2340.321,2284.975,2404.0,5.625,4.0,9.0,2354.652,2299.95,2420.0,0.828,0.0,1.0
Estonia,2020-04-03,12,1,13.0,13.0,13.0,1.0,1.0,1.0,15.0,15.0,15.0,2.0,2.0,2.0,20.27,17.0,34.025,5.27,2.0,19.025,24.805,17.0,46.05,4.535,0.0,18.0,29.413,18.975,63.0,4.6080000000000005,0.0,22.0,34.202,20.0,70.025,4.789,0.0,22.0,39.405,23.0,74.0,5.202999999999999,1.0,20.0,45.966,26.0,89.0,6.561,1.0,28.025,52.792,28.975,104.0,6.8260000000000005,1.0,30.0,60.803000000000004,33.0,119.0,8.011000000000001,1.0,35.0,102.698,50.0,223.05,12.487,1.0,51.074999999999896,218.468,97.975,466.0,20.531,1.0,93.2249999999998
Extremadura,2020-04-03,208,8,218.0,218.0,218.0,10.0,10.0,10.0,243.024,234.0,257.0,25.024,16.0,39.0,257.22,243.0,280.0,14.196,6.0,30.0,269.915,252.975,294.0,12.695,4.0,28.0,280.632,259.975,310.025,10.717,3.0,26.0,289.53700000000003,267.0,322.025,8.905,3.0,21.0,297.322,275.975,331.0,7.785,2.0,19.0,303.245,279.95,337.0,5.922999999999999,2.0,17.0,308.442,285.0,340.025,5.197,1.0,15.0,312.378,287.0,347.025,3.9360000000000004,1.0,12.0,321.316,295.975,358.0,1.359,0.0,5.0,323.70599999999996,298.0,361.0,0.0,0.0,0.0
Finland,2020-04-03,20,1,25.0,25.0,25.0,5.0,5.0,5.0,28.0,28.0,28.0,3.0,3.0,3.0,30.829,28.0,41.0,2.8289999999999997,0.0,13.0,34.227,29.0,47.0,3.398,0.0,14.0,38.19,31.0,57.0,3.963,1.0,14.0,42.226000000000006,32.0,63.0,4.0360000000000005,0.0,15.0,46.973,35.0,72.0,4.747,1.0,20.025,51.711000000000006,38.0,81.025,4.738,1.0,18.0,57.379,41.0,90.025,5.667999999999999,1.0,20.0,63.46,45.0,99.0,6.081,1.0,22.0,89.889,64.0,141.0,6.624,1.0,24.0,140.894,97.975,216.1,8.066,2.0,28.0
Florida,2020-04-03,170,6,214.722,191.0,259.0,44.722,21.0,89.0,259.3,217.975,334.0,44.578,14.0,110.025,312.998,252.0,415.0,53.698,16.975,130.0,376.11300000000006,290.0,518.0,63.115,17.0,199.025,448.99,337.975,657.025,72.877,17.0,226.025,531.751,378.975,808.075,82.76100000000001,15.0,293.05,625.549,431.975,1004.475,93.79799999999999,15.975,321.025,736.6310000000001,475.975,1164.45,111.08200000000001,13.975,469.3,861.77,537.9,1575.0,125.139,10.0,597.025,990.449,608.975,1762.125,128.679,10.0,583.45,1727.3039999999999,866.925,4495.175,222.363,12.975,1057.925,3355.453,2065.9,6744.075,240.101,132.975,436.1
France,2020-04-03,6946,801,7546.0,7546.0,7546.0,600.0,600.0,600.0,8410.917,7919.975,9434.125,864.9169999999999,373.975,1888.125,9107.894,8339.875,10376.4,696.977,224.975,1647.55,9758.136,8810.975,11124.35,650.242,213.925,1440.3,10393.028,9250.75,11949.025,634.8919999999999,199.95,1509.325,10969.806,9679.95,12758.575,576.778,167.0,1400.325,11543.983999999999,10138.7,13751.075,574.178,178.9,1373.4,12041.665,10501.65,14161.275,497.681,132.0,1248.125,12518.07,10893.775,14888.125,476.405,124.0,1483.35,12952.745,11231.95,15327.8,434.675,85.95,1352.425,14096.243999999999,12121.875,16836.075,230.53599999999997,44.975,784.125,14887.298,12719.875,17541.2,53.661,20.0,114.0
Friuli-Venezia Giulia,2020-04-03,136,7,145.0,145.0,145.0,9.0,9.0,9.0,154.0,154.0,154.0,9.0,9.0,9.0,160.062,157.0,164.0,6.062,3.0,10.0,166.334,162.0,172.0,6.272,4.0,10.0,172.079,167.0,179.0,5.745,3.0,9.0,177.44299999999998,172.0,186.0,5.364,3.0,9.0,182.33700000000002,176.0,191.0,4.894,3.0,8.0,186.488,179.0,196.0,4.151,2.0,7.0,190.076,182.975,199.0,3.588,2.0,7.0,193.37900000000002,186.0,202.0,3.303,2.0,6.0,201.967,193.0,212.0,1.589,1.0,3.0,206.50099999999998,198.0,216.0,0.003,0.0,0.0
Galicia,2020-04-03,159,21,174.0,174.0,174.0,15.0,15.0,15.0,201.639,188.0,225.0,27.639,14.0,51.0,225.41299999999998,202.0,262.0,23.774,9.975,53.0,249.02599999999998,218.0,300.0,23.613000000000003,9.0,61.0,272.666,234.0,331.025,23.64,8.0,61.0,294.82599999999996,252.0,362.0,22.16,7.0,50.0,318.607,266.0,385.025,23.781,6.0,62.0,341.09,284.0,424.025,22.483,6.0,60.0,361.764,296.0,447.0,20.674,5.0,57.0,380.599,311.0,477.0,18.835,4.0,53.0,436.11,358.0,542.025,10.741,2.0,37.0,475.82800000000003,392.95,587.025,2.359,1.0,7.0
Georgia,2020-04-03,184,21,229.025,207.0,263.025,45.025,23.0,79.025,271.656,232.0,337.0,42.631,15.0,102.025,320.181,263.0,418.05,48.525,15.0,118.025,372.66900000000004,296.0,493.025,52.488,15.0,155.05,430.365,335.0,599.0,57.696000000000005,15.0,154.025,493.23800000000006,364.0,690.15,62.873000000000005,15.0,197.0,566.64,414.0,836.425,73.402,16.0,228.35,645.867,457.95,977.2,79.227,14.0,301.125,730.785,513.0,1153.05,84.91799999999999,12.0,358.025,826.8739999999999,567.975,1369.6,96.089,12.0,403.1,1253.536,770.975,2228.3,114.895,14.975,484.0,2162.33,1467.95,3336.075,122.522,66.975,256.125
Germany,2020-04-03,1017,145,1158.0,1158.0,1158.0,141.0,141.0,141.0,1342.0,1342.0,1342.0,184.0,184.0,184.0,1586.249,1503.0,1702.025,244.24900000000002,161.0,360.025,1832.765,1688.0,2013.0,246.516,159.0,372.025,2097.696,1881.95,2360.05,264.931,159.975,418.025,2382.177,2091.0,2748.05,284.481,162.975,490.075,2678.9570000000003,2310.85,3182.125,296.78,165.0,579.125,2988.656,2543.825,3608.25,309.699,162.975,575.15,3308.952,2761.9,4033.15,320.296,148.975,657.0,3633.414,2950.7,4614.7,324.462,135.975,771.175,4945.141,3635.525,7074.05,334.42,96.975,1039.6,7000.026,4515.0,12062.75,234.34099999999998,96.975,557.15
Greece,2020-04-03,63,10,68.0,68.0,68.0,5.0,5.0,5.0,73.0,73.0,73.0,5.0,5.0,5.0,83.26799999999999,78.0,93.0,10.267999999999999,5.0,20.0,91.646,83.0,106.0,8.378,3.0,20.0,101.042,89.0,119.0,9.396,4.0,22.0,110.103,95.0,131.0,9.061,3.0,22.0,119.499,103.0,143.0,9.396,3.0,22.0,129.736,111.0,157.0,10.237,3.975,24.0,140.457,120.0,173.025,10.720999999999998,4.0,26.0,151.60399999999998,128.0,183.025,11.147,4.0,25.025,199.858,161.0,265.05,12.648,3.0,37.0,288.475,232.975,364.025,12.065999999999999,5.0,28.0
Hamburg,2020-04-03,16,2,16.0,16.0,16.0,0.0,0.0,0.0,19.0,19.0,19.0,3.0,3.0,3.0,21.4,19.0,31.0,2.4,0.0,12.0,24.764,19.0,43.0,3.364,0.0,13.0,28.322,19.0,50.0,3.5580000000000003,0.0,17.025,32.388000000000005,21.0,61.025,4.066,0.0,12.0,36.454,23.0,67.07499999999989,4.066,1.0,16.0,40.919000000000004,26.0,72.025,4.465,1.0,15.0,45.297,28.975,75.0,4.378,1.0,13.025,50.044,32.0,83.0,4.747,1.0,14.025,73.212,47.0,118.025,6.322,1.0,22.0,125.43700000000001,68.0,230.05,7.7589999999999995,0.0,38.0749999999999
Hawaii,2020-04-03,3,2,3.449,3.0,6.0,0.449,0.0,3.0,4.33,3.0,12.0,0.8809999999999999,0.0,7.0,5.736000000000001,3.0,17.025,1.406,0.0,9.0,8.216000000000001,3.0,29.0,2.48,0.0,16.0,11.969000000000001,3.0,43.025,3.753,0.0,22.0,17.012999999999998,4.0,60.05,5.044,0.0,30.025,25.349,6.0,96.32499999999969,8.336,0.0,45.0,37.584,8.0,141.05,12.235,0.0,51.025,55.011,10.975,213.175,17.427,0.0,110.35,67.348,14.0,255.175,12.337,0.0,77.025,120.76100000000001,32.975,404.1,10.673,1.0,57.074999999999896,154.328,52.975,440.05,1.056,0.0,5.0
Hesse,2020-04-03,33,6,42.0,42.0,42.0,9.0,9.0,9.0,56.0,56.0,56.0,14.0,14.0,14.0,67.917,59.0,84.0,11.917,3.0,28.0,84.744,68.0,108.0,16.827,6.0,37.0,104.15899999999999,80.0,140.0,19.415,6.0,58.025,127.40299999999999,93.0,181.0,23.244,7.0,58.0,153.97799999999998,107.0,227.05,26.575,6.0,75.025,184.762,125.0,287.05,30.784000000000002,6.0,90.0,219.671,141.95,363.075,34.909,6.0,136.1,257.561,167.0,461.1,37.89,5.0,199.225,450.837,244.925,913.1,56.926,3.975,387.325,915.329,424.0,2118.375,68.194,7.0,327.175
Hungary,2020-04-03,26,5,32.0,32.0,32.0,6.0,6.0,6.0,34.0,34.0,34.0,2.0,2.0,2.0,40.063,36.0,51.0,6.063,2.0,17.0,44.836000000000006,36.0,62.025,4.773,0.0,15.025,51.739,36.0,74.025,6.903,0.0,19.025,58.652,38.0,86.025,6.912999999999999,1.0,22.05,65.889,42.0,97.0,7.237,2.0,20.0,74.056,47.0,104.0,8.167,2.0,25.0,83.36,52.0,122.025,9.304,2.0,36.0,93.055,58.0,144.125,9.695,2.0,34.025,133.275,80.0,242.225,11.198,1.0,54.074999999999896,226.34,133.0,466.025,14.58,3.0,53.025
Idaho,2020-04-03,9,0,12.138,10.0,18.0,3.138,1.0,9.0,13.882,10.0,21.025,1.744,0.0,6.024999999999981,15.888,11.0,26.0,2.006,0.0,7.0,18.037,13.0,29.025,2.149,0.0,7.0,20.28,14.0,33.0,2.2430000000000003,0.0,8.02499999999998,22.978,16.0,38.0,2.698,0.0,10.0,25.634,17.0,41.0,2.656,0.0,9.0,28.392,19.0,45.0,2.758,1.0,10.0,31.358,21.0,49.0,2.966,1.0,10.0,34.363,23.0,53.025,3.005,0.0,12.0,46.603,31.0,71.0,2.839,0.0,10.0,62.531000000000006,43.0,95.0,1.574,0.0,7.0
Illinois,2020-04-03,210,47,274.25,238.0,331.0,64.25,28.0,121.0,340.24300000000005,279.0,456.025,65.993,23.0,143.0,422.339,330.0,575.025,82.096,23.0,202.175,516.335,384.975,710.0,93.99600000000001,24.0,251.025,635.373,452.0,935.25,119.038,27.0,376.15,764.937,524.975,1188.4,129.564,25.0,427.2,901.865,597.0,1471.0,136.928,21.0,471.275,1058.265,670.975,1711.55,156.4,18.0,636.0,1265.809,794.975,2223.75,207.544,21.0,956.2,1423.1860000000001,869.9,2643.125,157.377,12.0,747.4,2135.269,1175.875,4309.1,174.62099999999998,12.0,935.05,3339.317,2070.825,5962.475,125.21799999999999,75.0,195.025
Indiana,2020-04-03,102,24,126.785,113.0,153.0,24.785,11.0,51.0,152.987,126.0,193.075,26.201999999999998,9.0,59.0,185.385,148.0,243.0,32.398,10.0,78.0,223.718,169.975,294.0,38.333,12.0,102.0,264.855,195.0,369.025,41.137,10.0,123.05,315.974,225.0,462.075,51.119,11.0,159.0,373.70099999999996,260.0,571.075,57.727,10.0,206.1,437.069,299.975,720.325,63.368,10.0,268.175,502.546,335.975,872.025,65.477,8.0,280.225,569.993,369.0,972.075,67.447,8.0,303.05,921.335,552.9,1989.825,95.95100000000001,6.0,674.5,1497.7620000000002,936.925,2817.3,70.53399999999999,24.0,162.0
Iowa,2020-04-03,11,0,15.520999999999999,12.0,24.0,4.521,1.0,13.0,18.597,13.0,33.0,3.076,0.0,11.0,22.318,14.0,39.0,3.721,0.0,15.0,26.212,16.0,44.025,3.8939999999999997,0.0,18.0,30.524,19.0,52.0,4.312,1.0,19.0,35.715,21.0,61.0,5.191,1.0,23.0,41.386,25.0,72.05,5.671,1.0,20.025,47.463,29.0,80.025,6.077000000000001,1.0,22.0,54.108000000000004,32.0,89.025,6.645,1.0,22.0,61.951,38.0,106.0,7.843,1.0,33.0,97.006,60.0,158.05,10.690999999999999,1.0,43.025,182.361,109.95,337.05,13.077,1.0,68.05
Ireland,2020-04-03,120,22,137.0,137.0,137.0,17.0,17.0,17.0,158.0,158.0,158.0,21.0,21.0,21.0,180.378,169.0,202.025,22.378,11.0,44.025,198.71400000000003,181.975,222.025,18.336,7.0,38.0,215.926,193.0,252.0,17.212,6.0,33.0,232.482,205.0,268.0,16.555999999999997,5.0,41.025,248.575,216.0,289.05,16.093,5.0,38.025,262.97,227.0,309.025,14.395,5.0,33.0,276.524,238.0,326.075,13.554,4.0,39.025,288.985,245.975,346.025,12.460999999999999,3.0,36.025,335.668,277.975,425.025,10.09,1.0,47.0,384.798,313.0,496.025,4.703,2.0,10.0
Italy,2020-04-03,14682,766,15363.0,15363.0,15363.0,681.0,681.0,681.0,15888.0,15888.0,15888.0,525.0,525.0,525.0,16586.519,16377.975,16871.125,698.5189999999999,489.975,983.125,17061.016,16724.975,17551.125,474.49699999999996,300.975,754.025,17486.967,17041.975,18057.35,425.95099999999996,273.0,645.1,17866.534,17346.85,18519.825,379.56699999999995,252.975,553.175,18204.948,17622.775,18899.1,338.414,236.0,489.075,18498.182,17881.825,19229.1,293.23400000000004,214.0,389.05,18755.61,18103.95,19508.625,257.428,191.975,343.075,18979.918,18289.975,19765.15,224.308,175.0,289.05,19604.396,18878.0,20453.675,121.81200000000001,102.0,151.0,20090.638,19338.9,20963.275,41.498999999999995,35.0,48.0
Kansas,2020-04-03,18,6,19.08,18.0,27.0,1.08,0.0,9.0,22.535999999999998,19.0,34.0,3.4560000000000004,1.0,12.025,26.334,20.0,39.025,3.798,1.0,12.0,30.47,22.0,46.0,4.136,1.0,14.0,35.181999999999995,26.0,52.0,4.712,1.0,15.0,40.458,29.0,59.0,5.276,1.0,17.0,46.206,33.0,71.0,5.747999999999999,1.0,19.0,52.632,37.0,80.025,6.426,1.0,21.0,59.718,41.0,93.0,7.086,1.0,30.025,66.969,45.0,104.025,7.251,1.0,28.025,100.97399999999999,65.0,157.025,8.662,1.0,35.0,166.454,97.0,280.025,8.37,1.0,34.0
Kentucky,2020-04-03,34,3,45.722,41.0,55.0,11.722000000000001,7.0,21.0,54.934,46.0,69.0,9.212,3.0,21.0,65.96300000000001,53.0,86.0,11.029000000000002,4.0,27.025,78.39,61.0,110.0,12.427,3.0,36.0,93.064,69.0,131.025,14.674000000000001,3.0,41.0,110.432,79.0,168.05,17.368,4.0,58.0,129.52700000000002,90.0,191.0,19.095,4.0,63.0,151.789,101.975,236.025,22.261999999999997,3.975,87.1249999999999,177.553,113.0,300.1,25.764,3.0,128.0,208.1,125.975,393.125,30.546999999999997,3.0,146.075,349.779,193.0,682.0,38.273,4.0,205.05,690.427,427.925,1145.15,53.787,25.0,120.125
"King and Snohomish Counties (excluding Life Care Center), WA",2020-04-03,196,12,206.62099999999998,202.0,212.025,10.620999999999999,6.0,16.025,216.86900000000003,211.0,224.0,10.248,6.0,15.0,226.58900000000003,219.0,235.0,9.72,6.0,15.0,235.827,228.0,245.0,9.238,6.0,13.0,244.518,236.0,253.025,8.691,7.0,12.0,252.447,244.0,262.0,7.928999999999999,6.0,10.0,259.698,251.0,269.0,7.251,6.0,9.0,266.26099999999997,257.0,276.0,6.563,5.0,8.0,272.17400000000004,263.0,282.0,5.912999999999999,5.0,7.0,277.42900000000003,268.0,287.0,5.255,4.0,7.0,292.556,283.0,302.0,3.015,2.0,4.0,303.274,293.975,313.0,1.0,1.0,1.0
La Rioja,2020-04-03,128,19,134.0,134.0,134.0,6.0,6.0,6.0,143.59799999999998,140.0,150.0,9.597999999999999,6.0,16.0,149.178,144.0,156.0,5.58,2.0,10.0,154.148,147.0,163.0,4.97,2.0,10.0,158.385,151.0,167.0,4.237,2.0,8.0,161.874,153.975,172.0,3.489,1.0,7.0,164.68,156.0,175.0,2.806,1.0,5.0,166.995,159.0,177.0,2.315,1.0,5.0,168.875,160.0,179.0,1.88,1.0,4.0,170.33599999999998,161.0,180.0,1.4609999999999999,1.0,3.0,173.334,164.975,185.0,0.381,0.0,1.0,173.47,164.975,185.0,0.0,0.0,0.0
Latvia,2020-04-03,1,1,1.0,1.0,1.0,0.0,0.0,0.0,1.0,1.0,1.0,0.0,0.0,0.0,1.003,1.0,1.0,0.003,0.0,0.0,1.124,1.0,2.0,0.121,0.0,1.0,1.386,1.0,3.0,0.262,0.0,1.0,1.65,1.0,4.0,0.264,0.0,1.0,2.085,1.0,5.0,0.435,0.0,2.0,2.424,1.0,7.0,0.33899999999999997,0.0,2.0,3.1069999999999998,1.0,11.0,0.6829999999999999,0.0,4.0,3.762,1.0,15.0,0.655,0.0,5.0,10.215,2.0,46.0,2.2030000000000003,0.0,11.0,40.687,5.0,141.025,6.877000000000001,0.0,38.0
Lazio,2020-04-03,199,14,212.0,212.0,212.0,13.0,13.0,13.0,219.0,219.0,219.0,7.0,7.0,7.0,233.5,230.0,239.0,14.5,11.0,20.0,242.41299999999998,236.0,251.0,8.913,5.0,16.0,250.032,243.975,259.0,7.619,4.0,13.0,256.97,249.0,267.0,6.938,4.0,12.0,263.313,254.975,274.0,6.343,3.0,11.0,268.86400000000003,259.0,281.0,5.551,3.0,10.0,273.61400000000003,263.0,286.0,4.75,3.0,8.0,277.883,267.0,290.0,4.269,2.0,7.0,288.828,278.975,300.0,2.028,2.0,3.0,295.66200000000003,285.0,308.0,0.067,0.0,1.0
"Life Care Center, Kirkland, WA",2020-04-03,33,0,33.0,33.0,33.0,0.0,0.0,0.0,33.0,33.0,33.0,0.0,0.0,0.0,33.0,33.0,33.0,0.0,0.0,0.0,33.0,33.0,33.0,0.0,0.0,0.0,33.0,33.0,33.0,0.0,0.0,0.0,33.0,33.0,33.0,0.0,0.0,0.0,33.0,33.0,33.0,0.0,0.0,0.0,33.0,33.0,33.0,0.0,0.0,0.0,33.0,33.0,33.0,0.0,0.0,0.0,33.0,33.0,33.0,0.0,0.0,0.0,33.0,33.0,33.0,0.0,0.0,0.0,33.0,33.0,33.0,0.0,0.0,0.0
Liguria,2020-04-03,519,31,542.0,542.0,542.0,23.0,23.0,23.0,556.0,556.0,556.0,14.0,14.0,14.0,578.847,574.0,586.0,22.846999999999998,18.0,30.0,589.437,583.0,598.0,10.59,5.0,16.0,598.124,590.0,608.0,8.687000000000001,5.0,14.0,605.164,596.0,616.0,7.04,4.0,11.0,610.84,602.0,623.0,5.676,4.0,9.0,615.432,606.0,628.0,4.592,3.0,7.0,619.049,610.0,632.0,3.617,3.0,5.0,621.8430000000001,612.0,634.0,2.7939999999999996,2.0,4.0,627.759,618.0,640.0,1.008,1.0,1.0,629.067,619.0,642.0,0.001,0.0,0.0
Lithuania,2020-04-03,9,0,11.0,11.0,11.0,2.0,2.0,2.0,13.0,13.0,13.0,2.0,2.0,2.0,13.495999999999999,13.0,16.0,0.496,0.0,3.0,14.574000000000002,13.0,18.0,1.078,0.0,4.0,15.91,13.0,22.025,1.3359999999999999,0.0,5.0,17.297,14.0,25.0,1.3869999999999998,0.0,5.0,18.805999999999997,15.0,27.0,1.5090000000000001,0.0,6.0,20.361,16.0,28.0,1.555,0.0,6.0,22.252,17.0,32.0,1.891,0.0,7.0,24.208000000000002,18.0,35.0,1.956,0.0,6.024999999999981,33.204,24.0,48.0,2.461,0.0,8.0,54.684,39.0,82.0,3.2039999999999997,1.0,11.0
Lombardia,2020-04-03,8311,351,8656.0,8656.0,8656.0,345.0,345.0,345.0,8905.0,8905.0,8905.0,249.0,249.0,249.0,9216.848,9059.0,9437.0,311.848,154.0,532.0,9427.076,9188.0,9753.325,210.22799999999998,77.0,432.075,9607.424,9334.95,9985.125,180.34799999999998,59.0,353.025,9765.246,9449.0,10166.45,157.822,63.95,301.25,9900.965,9554.875,10338.0,135.719,53.0,279.0,10011.726,9654.85,10412.65,110.76100000000001,47.975,209.05,10106.158000000001,9743.975,10509.45,94.432,43.0,167.0,10183.068000000001,9806.925,10587.1,76.91,35.0,136.025,10364.421999999999,9980.9,10793.05,30.311,17.0,49.0,10444.07,10053.0,10866.025,3.605,3.0,5.0
Louisiana,2020-04-03,370,60,413.62199999999996,387.0,464.0,43.622,17.0,94.0,455.895,414.0,517.0,42.273,15.0,88.025,498.66,442.0,578.025,42.765,14.0,99.0,538.3480000000001,471.975,635.025,39.688,12.0,94.025,571.934,498.0,673.0,33.586,10.975,82.0,603.901,522.0,719.0,31.967,9.0,93.025,632.03,545.975,745.075,28.129,8.0,72.0,656.502,562.0,779.075,24.471999999999998,6.0,71.0,676.253,575.975,814.025,19.750999999999998,4.975,60.0,692.268,590.0,822.025,16.015,3.0,50.0,730.865,624.0,863.1,6.127999999999999,2.0,15.0,745.826,638.975,879.075,0.484,0.0,1.0
Lower Saxony,2020-04-03,65,20,85.0,85.0,85.0,20.0,20.0,20.0,89.0,89.0,89.0,4.0,4.0,4.0,121.8,108.0,147.0,32.8,19.0,58.0,148.816,123.975,191.025,27.016,9.0,66.025,179.69299999999998,143.0,235.0,30.877,9.0,74.0,213.96099999999998,167.0,285.025,34.268,10.0,91.05,251.08900000000003,188.0,360.025,37.128,10.0,114.05,296.188,212.0,437.025,45.099,12.0,141.025,342.944,243.9,540.125,46.756,8.0,173.025,394.68199999999996,273.0,618.05,51.738,6.0,219.05,623.895,370.0,1152.075,56.967,4.0,293.2,1050.6989999999998,520.0,2572.45,43.324,4.0,177.075
Luxembourg,2020-04-03,31,1,31.0,31.0,31.0,0.0,0.0,0.0,36.0,36.0,36.0,5.0,5.0,5.0,36.723,36.0,40.0,0.723,0.0,4.0,39.28,37.0,44.0,2.557,1.0,6.0,41.632,38.0,48.0,2.352,1.0,6.0,43.992,39.0,52.0,2.36,1.0,7.0,46.303000000000004,40.0,56.0,2.311,0.0,7.0,48.428999999999995,41.0,61.0,2.126,0.0,7.0,50.518,42.0,65.0,2.089,0.0,8.0,52.442,42.0,70.0,1.9240000000000002,0.0,8.0,59.085,44.0,86.0,1.376,0.0,7.0,65.803,45.975,107.0,0.6559999999999999,0.0,3.0
Maine,2020-04-03,9,2,10.602,9.0,16.0,1.6019999999999999,0.0,7.0,12.875,10.0,20.0,2.273,0.0,8.0,15.44,11.0,25.0,2.565,0.0,10.0,18.644000000000002,12.0,32.0,3.2039999999999997,0.0,12.0,22.070999999999998,14.0,39.0,3.427,0.0,17.0,26.12,16.0,49.025,4.0489999999999995,0.0,21.0,30.379,18.0,60.0,4.2589999999999995,0.0,21.0,35.04,19.975,68.05,4.6610000000000005,0.0,20.0,39.946999999999996,22.0,77.025,4.907,0.0,26.0,44.626999999999995,25.0,87.025,4.68,0.0,22.025,67.01,35.975,134.125,5.745,0.0,28.0,101.805,53.0,188.1,3.592,0.0,17.0
Malta,2020-04-03,0,0,0.0,0.0,0.0,0.0,0.0,0.0,0.0,0.0,0.0,0.0,0.0,0.0,0.001,0.0,0.0,0.001,0.0,0.0,0.003,0.0,0.0,0.002,0.0,0.0,0.019,0.0,0.0,0.016,0.0,0.0,0.025,0.0,0.0,0.006,0.0,0.0,0.066,0.0,1.0,0.040999999999999995,0.0,0.0,0.09699999999999999,0.0,1.0,0.031,0.0,0.0,0.155,0.0,2.0,0.057999999999999996,0.0,1.0,0.312,0.0,3.0,0.157,0.0,1.0,1.933,0.0,12.0,0.503,0.0,4.0,7.987,0.0,30.025,0.971,0.0,6.0
Marche,2020-04-03,557,54,574.0,574.0,574.0,17.0,17.0,17.0,599.0,599.0,599.0,25.0,25.0,25.0,631.807,625.0,641.0,32.806999999999995,26.0,42.0,649.507,641.0,660.0,17.7,12.0,24.0,664.5319999999999,654.0,676.0,15.025,10.0,21.0,677.5360000000001,665.0,690.0,13.004000000000001,9.0,18.0,688.721,675.0,701.0,11.185,9.0,14.0,698.3580000000001,685.0,711.0,9.637,8.0,12.0,706.301,693.0,719.0,7.943,6.0,10.0,713.0239999999999,699.975,726.0,6.723,5.0,9.0,729.67,716.975,743.0,2.948,2.0,4.0,738.2560000000001,724.975,751.0,0.21600000000000003,0.0,1.0
Maryland,2020-04-03,43,7,64.296,55.0,83.0,21.296,12.0,40.0,84.624,65.975,116.0,20.328,8.0,48.025,110.52600000000001,82.0,154.025,25.901999999999997,9.0,65.0,142.02100000000002,100.0,210.025,31.495,8.0,85.0,181.19299999999998,121.975,290.025,39.172,9.0,112.0,226.838,148.975,343.025,45.645,10.0,148.025,281.41700000000003,183.0,438.025,54.57899999999999,12.0,174.025,347.11800000000005,215.975,577.025,65.70100000000001,10.0,266.275,422.226,250.0,712.0,75.108,11.0,270.1,510.245,308.0,929.475,88.01899999999999,13.0,392.175,958.447,492.9,1978.05,132.042,9.0,550.749999999999,1839.1370000000002,1079.925,3417.575,113.919,36.0,262.025
Massachusetts,2020-04-03,192,38,272.29200000000003,226.0,381.025,80.292,34.0,189.025,350.45,268.0,507.0,78.158,22.0,204.0,440.131,319.0,631.275,89.681,21.0,227.025,553.845,386.0,835.0,113.714,31.0,310.175,691.7639999999999,472.95,1090.025,137.91899999999998,36.0,414.025,847.4889999999999,563.925,1357.1,155.725,33.0,521.624999999999,1026.156,675.975,1695.05,178.667,36.975,581.45,1223.577,815.0,2098.2,197.421,37.0,711.45,1450.52,913.95,2605.1,226.94299999999998,36.0,887.075,1683.62,1065.775,2968.05,233.1,33.0,1041.025,2904.455,1604.925,6018.35,327.472,37.0,1229.525,5300.794,2952.775,9690.275,311.58,45.0,1065.775
Mecklenburg-Vorpommern,2020-04-03,4,1,5.0,5.0,5.0,1.0,1.0,1.0,5.0,5.0,5.0,0.0,0.0,0.0,12.042,5.0,49.05,7.042000000000001,0.0,44.05,17.089000000000002,5.0,77.025,5.047,0.0,31.0749999999999,21.482,6.0,82.05,4.393,0.0,28.0,25.788,7.0,101.075,4.306,0.0,21.025,31.124000000000002,9.0,107.0,5.336,0.0,29.0,35.943000000000005,11.0,116.025,4.819,0.0,26.025,41.376999999999995,12.0,124.025,5.434,0.0,31.0,46.766999999999996,15.0,132.025,5.39,0.0,34.05,65.15100000000001,26.0,171.0,3.957,0.0,20.0,82.48700000000001,35.0,202.025,1.364,0.0,8.0
Melilla,2020-04-03,2,0,2.0,2.0,2.0,0.0,0.0,0.0,2.0,2.0,2.0,0.0,0.0,0.0,2.0,2.0,2.0,0.0,0.0,0.0,2.0,2.0,2.0,0.0,0.0,0.0,2.0,2.0,2.0,0.0,0.0,0.0,2.006,2.0,2.0,0.006,0.0,0.0,2.0069999999999997,2.0,2.0,0.001,0.0,0.0,2.009,2.0,2.0,0.002,0.0,0.0,2.016,2.0,2.0,0.006999999999999999,0.0,0.0,2.0380000000000003,2.0,3.0,0.022000000000000002,0.0,0.0,2.269,2.0,5.0,0.078,0.0,1.0,2.9010000000000002,2.0,7.0,0.11800000000000001,0.0,1.0
Michigan,2020-04-03,479,62,644.257,564.975,783.025,165.257,85.975,304.025,787.43,640.0,1031.025,143.173,43.0,332.075,942.4760000000001,742.975,1232.1,155.046,49.0,371.025,1109.847,845.0,1514.225,167.37099999999998,47.0,445.225,1298.208,970.925,1826.05,188.361,46.975,532.1,1488.455,1097.925,2100.05,190.247,37.95,591.0,1672.128,1200.975,2388.075,183.673,31.0,673.025,1853.249,1303.975,2878.35,181.12099999999998,24.0,778.025,2030.619,1377.925,3183.3,177.37,19.975,853.175,2189.6,1480.975,3454.65,158.981,13.0,813.8249999999989,2662.3390000000004,1795.975,4416.2,95.75,7.0,453.075,2946.605,2000.95,4726.625,12.966,8.0,21.0
Minnesota,2020-04-03,22,4,28.6,24.0,46.0,6.6,2.0,24.0,35.098,26.0,62.0,6.497999999999999,1.0,26.0,42.003,29.0,74.0,6.905,1.0,25.025,50.43,32.0,96.0,8.427,1.0,36.05,59.36,37.0,109.05,8.93,2.0,33.0,69.45100000000001,44.0,118.025,10.091000000000001,2.0,34.025,80.858,50.975,141.075,11.407,3.0,34.025,92.92200000000001,58.0,164.025,12.064,3.0,40.025,106.177,66.0,182.0,13.255,2.0,49.0,121.26,75.0,204.025,15.083,3.0,54.05,190.46900000000002,112.0,341.0,18.773,2.0,71.0,334.675,175.0,627.15,21.215999999999998,1.0,113.075
Mississippi,2020-04-03,29,3,33.874,30.0,45.0,4.874,1.0,16.0,39.066,31.0,59.0,5.192,1.0,21.0,44.493,34.0,67.0,5.4270000000000005,1.0,20.0,50.638999999999996,37.0,77.0,6.146,1.0,21.0,57.007,41.0,85.05,6.367999999999999,2.0,20.0,62.861000000000004,45.0,92.0749999999999,5.854,2.0,18.0,69.44,50.0,104.0,6.579,2.0,20.0,76.278,55.0,111.0,6.837999999999999,2.0,18.0,83.068,59.0,120.025,6.79,2.0,20.0,90.789,65.0,130.025,7.721,2.0,23.0,120.39200000000001,86.0,172.025,7.67,2.0,26.0,173.775,127.0,243.025,7.117000000000001,1.0,26.0
Missouri,2020-04-03,25,3,29.247,27.0,34.0,4.247,2.0,9.0,33.621,29.0,41.0,4.374,1.0,10.025,38.407,32.0,47.0,4.7860000000000005,1.0,11.025,43.702,36.0,57.0,5.295,1.0,15.0,49.435,39.0,67.025,5.733,1.0,18.0,55.633,43.0,75.0,6.1979999999999995,1.0,19.0,62.251000000000005,47.0,88.0,6.617999999999999,1.0,22.0,70.001,51.0,100.0,7.75,1.0,28.0,77.881,55.975,122.0,7.88,1.0,32.025,86.439,60.975,132.05,8.558,1.0,37.0,124.072,81.0,211.025,10.148,1.0,40.025,203.415,139.0,319.0,11.124,5.0,27.0
Molise,2020-04-03,11,0,11.0,11.0,11.0,0.0,0.0,0.0,13.0,13.0,13.0,2.0,2.0,2.0,13.005,13.0,13.0,0.005,0.0,0.0,13.218,13.0,14.0,0.213,0.0,1.0,13.444,13.0,15.0,0.226,0.0,1.0,13.7,13.0,15.0,0.256,0.0,1.0,13.912,13.0,16.0,0.212,0.0,1.0,14.1,13.0,16.0,0.188,0.0,1.0,14.280999999999999,13.0,16.0,0.18100000000000002,0.0,1.0,14.453,13.0,17.0,0.172,0.0,1.0,15.03,13.0,18.0,0.139,0.0,1.0,15.409,13.0,19.0,0.0,0.0,0.0
Montana,2020-04-03,6,0,7.1160000000000005,7.0,8.0,1.1159999999999999,1.0,2.0,7.2860000000000005,7.0,9.0,0.17,0.0,1.0,7.461,7.0,9.0,0.175,0.0,1.0,7.725,7.0,10.0,0.264,0.0,1.0,8.1,7.0,11.0,0.375,0.0,1.0,8.593,7.0,12.0,0.493,0.0,2.0,9.205,7.0,13.0,0.612,0.0,3.0,9.842,7.0,14.0,0.637,0.0,3.0,10.610999999999999,7.0,16.0,0.769,0.0,4.0,11.479000000000001,8.0,17.025,0.868,0.0,3.0,15.21,10.0,24.0,0.98,0.0,4.0,20.506999999999998,13.0,33.0,0.599,0.0,4.0
Murcia,2020-04-03,51,5,59.0,59.0,59.0,8.0,8.0,8.0,60.998000000000005,59.0,65.0,1.9980000000000002,0.0,6.0,63.441,61.0,68.0,2.443,1.0,5.0,65.273,62.0,70.0,1.8319999999999999,1.0,5.0,66.617,63.0,72.0,1.344,0.0,3.0,67.544,63.975,73.0,0.927,0.0,3.0,68.008,64.0,74.0,0.46399999999999997,0.0,2.0,68.227,64.0,74.0,0.21899999999999997,0.0,1.0,68.304,64.0,74.0,0.077,0.0,1.0,68.325,64.0,74.0,0.021,0.0,0.0,68.337,64.0,74.0,0.0,0.0,0.0,68.337,64.0,74.0,0.0,0.0,0.0
Navarre,2020-04-03,171,20,178.0,178.0,178.0,7.0,7.0,7.0,188.578,184.0,197.0,10.578,6.0,19.0,194.987,188.0,205.0,6.409,2.0,14.0,199.828,192.0,212.0,4.841,2.0,12.0,203.58700000000002,194.0,216.0,3.759,1.0,12.0,206.27900000000002,195.0,220.0,2.6919999999999997,1.0,7.0,208.155,197.0,222.0,1.876,0.0,6.0,209.449,198.0,223.0,1.294,0.0,4.0,210.204,199.0,224.0,0.755,0.0,3.0,210.66099999999997,199.0,225.0,0.457,0.0,2.0,211.00799999999998,200.0,225.0,0.009000000000000001,0.0,0.0,211.014,200.0,225.0,0.0,0.0,0.0
Nebraska,2020-04-03,6,1,8.448,7.0,13.0,2.448,1.0,7.0,10.814,7.0,19.0,2.366,0.0,9.0,13.467,9.0,25.0,2.653,0.0,10.0,16.882,10.0,32.0,3.415,0.0,13.0,20.910999999999998,12.0,40.0,4.029,0.0,16.0,25.429000000000002,14.0,48.025,4.518,0.0,19.0,30.778000000000002,17.0,62.0,5.349,1.0,24.025,37.085,20.0,75.025,6.307,1.0,28.0,43.903,23.0,85.025,6.818,1.0,31.0,52.114,27.0,100.0,8.211,1.0,35.05,93.321,50.0,171.0,11.036,1.0,47.025,200.593,119.0,360.0,17.237000000000002,2.0,75.025
Netherlands,2020-04-03,1490,149,1656.0,1656.0,1656.0,166.0,166.0,166.0,1771.0,1771.0,1771.0,115.0,115.0,115.0,2011.505,1880.975,2221.1,240.505,109.975,450.1,2213.363,1985.975,2528.3,201.858,66.975,435.025,2420.027,2108.925,2856.0,206.66400000000002,63.0,456.05,2639.005,2229.0,3253.0,218.97799999999998,71.0,482.05,2859.7670000000003,2338.95,3626.2,220.762,74.0,508.35,3083.14,2465.85,4013.025,223.373,70.975,560.025,3302.934,2542.85,4487.075,219.794,59.0,598.05,3519.1440000000002,2627.975,4936.125,216.21,47.0,657.275,4336.68,2858.85,7059.3,195.33,23.0,836.15,5397.793000000001,3004.875,10191.225,112.21799999999999,5.0,507.325
Nevada,2020-04-03,43,5,58.26,51.0,74.0,15.26,8.0,31.0,72.258,56.0,104.025,13.998,4.0,38.0,88.822,66.0,127.025,16.564,4.0,43.0,108.686,78.0,149.0,19.864,6.0,48.0,130.207,91.0,186.025,21.521,5.0,70.025,154.516,106.975,220.0,24.309,5.0,74.05,181.93,125.975,271.15,27.414,6.0,85.0,213.671,145.0,331.025,31.741,6.0,112.0,248.41400000000002,163.0,398.125,34.743,5.975,129.025,287.23900000000003,186.975,482.175,38.825,6.0,148.1,456.517,266.975,855.125,43.681000000000004,5.0,225.25,788.076,478.95,1320.25,41.818999999999996,5.0,152.025
New Hampshire,2020-04-03,5,2,5.012,5.0,5.0,0.012,0.0,0.0,5.3,5.0,7.0,0.28800000000000003,0.0,1.0,5.598,5.0,7.0,0.298,0.0,2.0,6.035,5.0,9.0,0.43700000000000006,0.0,2.0,6.646,5.0,10.0,0.611,0.0,2.0,7.428,5.0,11.0,0.782,0.0,3.0,8.31,5.0,13.025,0.882,0.0,4.0,9.416,6.0,15.0,1.1059999999999999,0.0,4.0,10.690999999999999,6.0,17.0,1.275,0.0,5.0,12.142000000000001,7.0,20.0,1.4509999999999998,0.0,5.0,18.9,11.0,32.0,1.6969999999999998,0.0,6.0,28.85,19.0,46.0,1.0290000000000001,0.0,5.0
New Jersey,2020-04-03,646,109,855.6419999999999,743.0,1082.0,209.642,97.0,436.0,1062.346,866.975,1425.0,206.704,72.95,476.0,1309.27,1020.975,1806.025,246.924,74.95,644.0,1591.365,1191.0,2330.375,282.095,83.975,756.0,1920.1129999999998,1400.95,2784.525,328.74800000000005,64.975,920.025,2286.029,1603.7,3464.725,365.916,82.95,1063.3,2719.01,1836.9,4208.725,432.981,67.975,1661.2,3166.498,2063.975,5200.175,447.48800000000006,57.975,1682.15,3660.22,2311.8,6687.675,493.722,62.0,2080.125,4134.729,2588.9,7567.725,474.509,47.95,2069.95,6175.539000000001,3649.975,10866.025,499.43199999999996,70.0,1997.075,8982.578000000001,6017.55,14108.125,268.385,103.0,587.125
New Mexico,2020-04-03,10,4,12.99,10.0,23.0,2.99,0.0,13.0,17.699,11.0,33.025,4.709,1.0,18.0,23.686999999999998,13.0,47.025,5.9879999999999995,1.0,26.0,30.503,16.0,63.05,6.816,1.0,26.0,38.57,21.0,76.0,8.067,1.0,30.025,48.545,25.0,97.05,9.975,1.0,47.025,59.103,29.975,121.025,10.558,1.0,49.0,71.866,35.0,146.025,12.763,1.0,58.05,87.785,40.0,183.05,15.919,1.0,72.0,103.911,46.0,217.0,16.125999999999998,1.0,66.0999999999999,186.87099999999998,76.975,420.05,24.581999999999997,2.0,133.025,358.786,109.0,850.375,23.750999999999998,1.0,154.075
New York,2020-04-03,2935,562,3603.113,3220.975,4309.15,668.113,285.975,1374.15,4315.664000000001,3681.825,5474.0,712.551,259.0,1690.2,5100.019,4161.95,6516.05,784.355,260.0,1951.15,5906.2480000000005,4722.575,7677.825,806.2289999999999,253.925,1966.025,6735.828,5322.775,8875.525,829.58,203.0,2395.675,7613.566,5843.0,10346.625,877.738,223.975,2824.475,8461.416,6403.9,11715.625,847.85,172.85,3117.9749999999894,9325.921,6954.9,12958.95,864.505,165.975,2758.025,10199.175,7549.925,14078.45,873.2539999999999,148.0,3051.65,10953.169,8200.2,15438.025,753.9939999999999,102.95,2810.95,13485.409,9915.975,19633.8,504.911,109.0,1847.025,15334.718,11471.325,21663.45,115.698,65.0,267.0
North Carolina,2020-04-03,27,6,36.606,29.0,62.025,9.606,2.0,35.025,46.777,32.0,84.0,10.171,1.0,42.0,58.998000000000005,37.0,110.0,12.220999999999998,1.0,47.0,74.01100000000001,43.0,142.025,15.013,2.0,58.0,90.993,51.0,181.0,16.982,2.0,63.05,110.339,63.0,207.075,19.346,3.0,67.025,133.157,75.0,247.025,22.818,3.975,101.025,156.618,89.0,291.0,23.461,4.975,76.025,182.429,106.95,321.075,25.811,5.0,91.0,209.37400000000002,123.0,370.05,26.945,4.0,90.05,322.036,191.975,533.05,25.64,4.0,96.025,457.216,292.925,687.025,11.659,1.0,53.025
North Dakota,2020-04-03,3,0,19.509,4.0,95.025,16.509,1.0,92.025,28.921,4.0,117.2,9.412,0.0,54.025,40.574,6.0,167.05,11.652999999999999,0.0,79.025,51.403999999999996,8.0,200.15,10.83,0.0,75.0,66.89699999999999,12.0,289.2,15.493,0.0,94.17499999999978,79.64699999999999,17.0,318.2,12.75,0.0,75.1249999999999,91.353,22.975,329.15,11.706,1.0,75.025,105.42299999999999,28.0,368.075,14.07,1.0,85.025,121.01299999999999,35.0,384.075,15.59,1.0,89.05,134.464,39.975,390.05,13.450999999999999,1.0,66.025,204.433,75.975,563.225,19.147000000000002,1.0,92.025,333.626,165.975,719.5499999999989,14.675,3.0,45.025
North Rhine-Westphalia,2020-04-03,178,17,200.0,200.0,200.0,22.0,22.0,22.0,245.0,245.0,245.0,45.0,45.0,45.0,266.444,248.0,302.0,21.444000000000003,3.0,57.0,294.98400000000004,266.0,342.0,28.54,10.0,68.0,326.93,286.0,385.0,31.945999999999998,10.0,72.0,358.69,310.0,427.025,31.76,9.0,80.0,391.14,327.0,488.0,32.45,9.0,92.0,424.904,352.95,531.0,33.764,7.0,103.0,459.64099999999996,374.0,596.0,34.736999999999995,7.0,137.0,492.741,393.0,635.0,33.1,5.0,114.0,608.795,470.975,821.025,27.236,2.0,103.05,732.193,568.925,985.025,11.203,4.0,32.0
Norway,2020-04-03,59,9,62.0,62.0,62.0,3.0,3.0,3.0,71.0,71.0,71.0,9.0,9.0,9.0,82.59,76.0,96.0,11.59,5.0,25.0,94.821,82.0,112.05,12.231,4.0,27.0,108.198,92.0,132.0,13.377,5.0,27.0,122.27799999999999,101.0,150.0,14.08,5.0,29.0,138.369,114.0,174.0,16.090999999999998,7.0,31.0,154.667,127.975,189.0,16.298,8.0,30.0,172.324,141.0,210.0,17.657,8.0,34.025,190.16,157.975,231.0,17.836,7.975,39.025,275.074,221.0,345.025,22.69,7.0,63.0,436.335,351.0,543.025,21.281,11.0,39.0
Ohio,2020-04-03,91,10,116.508,100.0,158.025,25.508000000000003,9.0,67.025,139.49,109.0,209.0,22.982,5.0,71.0,164.775,123.0,246.1,25.285,5.0,78.025,192.13400000000001,140.0,293.0,27.359,7.0,81.0749999999999,219.895,157.975,331.0,27.761,8.0,82.025,248.49400000000003,180.0,367.025,28.599,7.0,87.0749999999999,277.385,202.0,400.025,28.891,7.0,88.05,306.301,221.975,440.025,28.916,6.0,102.025,335.69699999999995,239.0,484.025,29.396,6.0,119.075,362.07300000000004,256.975,524.0,26.375999999999998,5.0,97.1249999999999,450.025,320.975,654.025,21.224,3.0,69.025,527.754,385.0,730.025,6.053,1.0,21.025
Oklahoma,2020-04-03,38,4,50.238,43.0,67.0,12.238,5.0,29.0,59.744,48.0,85.0,9.506,2.0,29.0,70.116,53.0,102.0,10.372,2.0,32.0,81.227,61.0,115.0,11.110999999999999,3.0,30.025,94.39299999999999,68.975,129.0,13.165999999999999,4.0,37.0,109.225,79.0,160.025,14.832,4.0,41.0,124.603,89.0,185.0,15.378,4.0,45.025,141.375,99.0,204.025,16.772000000000002,4.0,54.0,160.474,111.0,235.0,19.099,4.975,68.0,179.403,122.0,266.025,18.929000000000002,4.0,59.0,269.866,178.975,424.025,23.486,5.0,78.05,456.70599999999996,283.975,710.025,28.555,5.0,104.0
Oregon,2020-04-03,22,1,24.649,23.0,28.0,2.6489999999999996,1.0,6.0,27.164,25.0,32.0,2.515,1.0,6.0,29.804000000000002,26.0,36.0,2.64,1.0,6.0,32.527,28.0,39.0,2.7230000000000003,1.0,8.0,35.379,30.0,43.0,2.852,1.0,8.02499999999998,38.383,31.0,48.0,3.0039999999999996,1.0,9.0,41.673,34.0,53.025,3.29,1.0,10.0,45.158,36.0,60.0,3.485,1.0,13.0,48.556999999999995,38.0,66.0,3.3989999999999996,1.0,12.0,52.431000000000004,40.0,75.0,3.8739999999999997,0.0,16.025,68.835,50.0,101.025,4.077,1.0,15.0,99.697,77.975,138.025,4.466,2.0,9.0
"Other Counties, WA",2020-04-03,63,7,70.532,66.0,79.0,7.532,3.0,16.0,78.47800000000001,70.0,91.0,7.946000000000001,3.0,19.0,87.28399999999999,76.0,102.0,8.806000000000001,3.0,20.0,96.494,82.0,116.0,9.21,3.0,24.0,106.28200000000001,90.0,130.0,9.788,3.0,29.0,116.124,97.0,143.0,9.842,3.0,28.0,126.249,104.0,160.025,10.125,2.0,28.05,136.536,110.0,177.025,10.287,2.0,33.025,147.44899999999998,118.0,198.025,10.913,2.0,39.0,158.91,124.975,216.0,11.460999999999999,2.0,38.025,202.09099999999998,155.0,266.0,10.425999999999998,2.0,39.025,261.223,202.975,353.025,6.212000000000001,2.0,23.0
Pennsylvania,2020-04-03,102,12,124.865,111.0,154.0,22.865,9.0,52.0,146.999,123.0,190.0,22.134,6.0,57.0,170.33700000000002,136.0,230.0,23.338,6.0,64.0,195.015,152.0,262.05,24.678,7.0,65.0,221.69299999999998,170.0,304.0,26.678,8.0,78.0749999999999,249.666,188.0,348.025,27.973000000000003,6.0,85.0,278.92900000000003,210.0,394.0,29.263,7.975,87.0,309.847,231.0,447.0,30.918000000000003,7.0,96.05,340.7,249.0,485.0,30.853,6.0,96.0749999999999,371.602,268.0,544.075,30.901999999999997,6.0,120.075,489.89599999999996,354.0,705.05,28.265,6.0,87.0,657.7139999999999,456.975,955.075,20.046,4.0,63.025
Piemonte,2020-04-03,1043,60,1128.0,1128.0,1128.0,85.0,85.0,85.0,1168.0,1168.0,1168.0,40.0,40.0,40.0,1256.305,1231.0,1291.0,88.305,63.0,123.0,1315.267,1279.0,1363.0,58.961999999999996,34.0,89.0,1372.872,1326.0,1433.0,57.605,35.0,90.0,1423.769,1369.975,1490.0,50.897,28.95,84.0,1470.0220000000002,1416.0,1541.0,46.253,29.0,67.0,1510.396,1454.975,1581.0,40.374,26.975,58.0,1545.7060000000001,1487.0,1621.0,35.31,25.0,48.0,1576.142,1517.975,1649.0,30.436,24.0,38.0,1655.388,1597.975,1728.0,14.297,11.0,18.0,1696.6660000000002,1638.975,1771.0,2.011,2.0,2.0
Poland,2020-04-03,71,14,79.0,79.0,79.0,8.0,8.0,8.0,94.0,94.0,94.0,15.0,15.0,15.0,119.095,100.0,177.0,25.095,6.0,83.0,142.35,105.0,241.1,23.255,3.0,90.0,172.291,117.0,296.1,29.941,3.0,118.125,201.021,130.975,344.025,28.73,3.0,123.025,232.415,146.975,384.2,31.394000000000002,4.0,115.025,270.983,166.95,462.2,38.568000000000005,6.0,154.175,315.039,197.0,561.125,44.056000000000004,8.0,153.25,359.98,228.975,619.075,44.941,9.0,165.05,586.2909999999999,357.0,979.15,57.977,7.0,234.15,1087.535,674.0,1728.0,103.51,14.0,202.1
Portugal,2020-04-03,246,37,266.0,266.0,266.0,20.0,20.0,20.0,295.0,295.0,295.0,29.0,29.0,29.0,326.482,304.0,390.1,31.482,9.0,95.09999999999991,349.95300000000003,311.975,430.0,23.471,3.0,76.05,370.907,321.0,462.075,20.954,3.0,66.0,390.536,334.975,482.075,19.629,7.0,50.025,407.782,347.975,506.0,17.246,5.0,44.025,422.105,354.975,523.025,14.323,3.0,45.0,434.474,365.0,537.05,12.369000000000002,2.0,44.025,444.08,372.975,553.275,9.606,1.0,36.025,464.764,386.0,588.125,3.1630000000000003,0.0,18.05,471.47900000000004,393.0,592.1,0.054000000000000006,0.0,1.0
Provincia autonoma di Bolzano,2020-04-03,139,10,146.0,146.0,146.0,7.0,7.0,7.0,158.0,158.0,158.0,12.0,12.0,12.0,173.665,164.975,191.0,15.665,6.975,33.0,189.18900000000002,175.975,210.0,15.524000000000001,7.0,30.0,204.82299999999998,187.0,228.0,15.634,7.0,32.0,219.976,198.0,250.0,15.152999999999999,7.0,30.0,234.5,210.0,264.0,14.524000000000001,7.0,25.0,248.46200000000002,223.975,278.0,13.962,7.0,26.0,261.526,234.0,293.0,13.064,6.0,23.0,274.27099999999996,243.0,307.0,12.745,5.0,25.0,314.61400000000003,277.95,357.0,8.298,3.0,22.025,346.908,307.95,391.0,2.416,1.0,5.0
Provincia autonoma di Trento,2020-04-03,204,17,210.0,210.0,210.0,6.0,6.0,6.0,217.0,217.0,217.0,7.0,7.0,7.0,228.808,225.0,236.0,11.808,8.0,19.0,233.47,228.0,242.0,4.662,2.0,11.0,237.06900000000002,231.0,246.0,3.5989999999999998,1.0,7.0,239.812,233.0,249.0,2.7430000000000003,1.0,5.0,241.828,235.0,251.0,2.016,1.0,4.0,243.34799999999998,236.975,252.0,1.52,1.0,3.0,244.484,237.975,253.0,1.136,0.0,2.0,245.324,238.0,255.0,0.84,0.0,2.0,246.012,239.0,256.0,0.018000000000000002,0.0,0.0,246.012,239.0,256.0,0.0,0.0,0.0
Puglia,2020-04-03,164,20,173.0,173.0,173.0,9.0,9.0,9.0,182.0,182.0,182.0,9.0,9.0,9.0,210.83700000000002,202.0,223.0,28.837,20.0,41.0,234.375,220.0,256.0,23.538,14.0,41.0,260.17900000000003,240.0,288.0,25.804000000000002,14.0,43.0,286.94,262.0,321.0,26.761,14.0,48.0,315.438,285.95,354.0,28.498,15.975,48.0,344.20300000000003,308.0,388.0,28.765,16.0,49.0,373.96,335.95,423.0,29.756999999999998,17.0,51.0,404.416,361.0,455.025,30.456,19.0,47.0,530.871,482.975,589.0,31.451,25.0,39.0,728.097,674.975,789.0,23.831999999999997,19.0,29.0
Rhineland-Palatinate,2020-04-03,26,0,29.0,29.0,29.0,3.0,3.0,3.0,32.0,32.0,32.0,3.0,3.0,3.0,35.08,33.0,40.0,3.08,1.0,8.0,39.366,35.0,46.0,4.2860000000000005,1.0,11.0,43.854,37.0,53.0,4.488,1.0,11.0,48.58,40.0,59.0,4.726,1.0,13.0,53.861000000000004,44.0,69.0,5.281000000000001,2.0,14.0,59.271,47.0,78.0,5.41,1.0,15.0,64.77600000000001,50.975,86.0,5.505,1.0,18.0,71.11399999999999,56.0,96.0,6.337999999999999,1.0,27.0,94.353,69.0,142.025,6.064,1.0,25.025,134.355,96.975,204.025,4.871,1.0,18.025
Rhode Island,2020-04-03,14,2,20.212,16.0,30.0,6.212000000000001,2.0,16.0,25.250999999999998,18.0,43.025,5.039,1.0,18.0,31.0,20.0,55.0,5.749,1.0,22.0,37.664,23.0,70.0,6.664,1.0,30.0,44.806999999999995,26.0,86.025,7.143,1.0,29.0,52.637,30.0,99.05,7.83,1.0,34.025,61.424,33.0,117.025,8.787,1.0,34.025,71.148,38.0,134.025,9.724,1.0,39.0,81.654,42.0,155.025,10.505999999999998,2.0,39.05,93.06299999999999,46.975,183.025,11.409,1.0,46.0,150.961,66.0,299.0,16.250999999999998,1.0,76.0,315.98400000000004,106.0,745.325,28.526999999999997,1.0,163.15
Romania,2020-04-03,133,18,146.0,146.0,146.0,13.0,13.0,13.0,151.0,151.0,151.0,5.0,5.0,5.0,185.933,162.0,257.025,34.933,11.0,106.025,210.67700000000002,163.0,316.025,24.744,0.0,114.05,240.551,167.0,399.075,29.874000000000002,1.0,131.0,270.735,180.0,441.0,30.184,3.0,117.1,304.76599999999996,198.0,490.0,34.031,6.0,118.0,340.121,220.975,543.0,35.355,6.0,108.05,375.25699999999995,247.0,572.1,35.135999999999996,8.0,112.1,411.278,277.975,614.649999999999,36.021,8.0,130.025,546.219,364.0,855.2,28.579,3.0,115.05,724.826,496.95,1169.025,19.611,4.0,53.0
Saarland,2020-04-03,12,1,14.0,14.0,14.0,2.0,2.0,2.0,14.0,14.0,14.0,0.0,0.0,0.0,18.781,14.0,31.0,4.781000000000001,0.0,17.0,21.395,14.0,36.0,2.614,0.0,12.0,23.921,15.0,40.0,2.526,0.0,10.0,27.326999999999998,16.0,49.0,3.406,0.0,17.0,30.392,18.0,53.0,3.065,0.0,12.0,33.562,20.0,60.025,3.17,0.0,12.0,36.687,22.0,64.0,3.125,0.0,11.025,40.311,25.0,71.0,3.6239999999999997,1.0,12.025,55.964,32.0,103.05,4.281000000000001,0.0,20.0,89.744,42.0,188.05,5.601,0.0,31.0
Sardegna,2020-04-03,41,1,41.0,41.0,41.0,0.0,0.0,0.0,43.0,43.0,43.0,2.0,2.0,2.0,46.486999999999995,44.0,52.025,3.487,1.0,9.02499999999998,49.223,44.0,59.0,2.736,0.0,9.0,51.6,45.975,63.0,2.377,0.0,7.0,53.67100000000001,47.0,65.0,2.0709999999999997,0.0,6.0,55.75,48.0,67.0,2.079,1.0,7.0,57.628,50.0,69.025,1.8780000000000001,0.0,6.0,59.301,51.0,72.0,1.673,0.0,6.0,60.977,52.0,75.0,1.676,0.0,7.0,65.2,55.0,85.025,0.86,0.0,5.0,67.237,57.0,91.0,0.026000000000000002,0.0,1.0
Saxony,2020-04-03,21,3,24.0,24.0,24.0,3.0,3.0,3.0,32.0,32.0,32.0,8.0,8.0,8.0,34.46,32.0,46.0,2.46,0.0,14.0,40.046,33.0,56.0,5.586,1.0,17.0,46.583999999999996,37.0,66.0,6.537999999999999,1.0,18.0,53.919,41.0,80.0,7.335,2.0,21.0,61.413999999999994,46.0,88.0,7.495,1.0,21.0,69.396,52.0,98.0,7.982,2.0,25.025,78.873,57.0,116.0,9.477,2.0,30.0,88.53,61.975,134.0,9.657,2.0,37.025,141.618,89.0,278.025,14.785,1.0,92.0,241.113,146.0,521.1,13.072000000000001,2.0,61.0
Saxony-Anhalt,2020-04-03,11,3,11.0,11.0,11.0,0.0,0.0,0.0,12.0,12.0,12.0,1.0,1.0,1.0,15.591,13.0,25.0,3.591,1.0,13.0,18.241,13.0,32.025,2.65,0.0,13.0,21.479,14.0,41.0,3.238,0.0,16.0,25.151,15.0,49.0,3.6719999999999997,0.0,16.025,29.069000000000003,17.0,54.0,3.918,1.0,14.0,33.405,19.975,61.025,4.336,1.0,16.0,37.658,22.0,67.0,4.253,1.0,15.0,42.232,25.0,72.025,4.574,1.0,17.0,60.92,36.0,109.0,4.615,1.0,16.025,79.506,47.0,127.0,1.232,0.0,6.0
Schleswig-Holstein,2020-04-03,15,4,17.0,17.0,17.0,2.0,2.0,2.0,18.0,18.0,18.0,1.0,1.0,1.0,23.08,21.0,28.0,5.08,3.0,10.0,26.936999999999998,23.0,35.0,3.8569999999999998,1.0,10.0,31.128,25.0,44.0,4.191,1.0,12.0,35.975,28.0,50.0,4.8469999999999995,1.0,12.025,41.257,31.0,56.0,5.282,2.0,14.0,46.731,34.975,65.025,5.474,1.0,16.025,52.218999999999994,38.0,77.0,5.4879999999999995,1.0,24.0,58.051,42.0,86.025,5.832000000000001,1.0,21.0,85.15899999999999,57.0,144.025,7.249,1.0,30.025,136.225,87.0,262.0,5.5889999999999995,1.0,23.0
Sicilia,2020-04-03,101,8,111.0,111.0,111.0,10.0,10.0,10.0,116.0,116.0,116.0,5.0,5.0,5.0,128.308,122.0,141.0,12.308,6.0,25.0,138.642,129.0,155.0,10.334000000000001,5.0,20.025,148.102,136.0,169.0,9.46,3.0,23.0,156.7,141.0,179.0,8.597999999999999,3.0,21.0,164.625,148.0,187.0,7.925,3.0,21.0,172.007,153.0,197.0,7.382000000000001,3.0,19.0,178.227,159.0,204.0,6.22,2.0,16.0,183.912,164.0,212.0,5.685,1.0,17.0,198.361,175.0,228.025,2.42,0.0,9.0,204.793,180.0,236.0,0.09699999999999999,0.0,1.0
Slovakia,2020-04-03,1,0,1.0,1.0,1.0,0.0,0.0,0.0,1.0,1.0,1.0,0.0,0.0,0.0,1.075,1.0,2.0,0.075,0.0,1.0,1.3119999999999998,1.0,3.0,0.237,0.0,2.0,1.751,1.0,5.0,0.439,0.0,2.0,2.244,1.0,6.024999999999981,0.493,0.0,3.0,2.96,1.0,10.0,0.716,0.0,5.0,4.099,1.0,16.0,1.139,0.0,8.02499999999998,5.982,1.0,31.0,1.883,0.0,12.0,8.816,1.0,42.025,2.8339999999999996,0.0,15.0,28.906999999999996,3.0,152.125,6.627000000000001,0.0,49.0,96.76299999999999,10.0,326.125,10.128,0.0,59.025
Slovenia,2020-04-03,20,3,22.0,22.0,22.0,2.0,2.0,2.0,28.0,28.0,28.0,6.0,6.0,6.0,29.993000000000002,28.0,39.0,1.993,0.0,11.0,33.489000000000004,28.0,48.025,3.4960000000000004,0.0,16.0,37.141,30.0,56.0,3.6519999999999997,0.0,14.025,40.657,32.0,60.0,3.516,1.0,13.025,44.372,34.0,66.0,3.715,1.0,13.0,48.34,37.0,71.0,3.968,1.0,12.0,52.129,40.0,74.0,3.7889999999999997,1.0,12.0,56.395,43.0,82.025,4.266,1.0,17.0,71.195,51.0,105.025,3.457,0.0,13.0,94.338,64.975,140.175,2.116,0.0,9.0
South Carolina,2020-04-03,34,3,40.906,37.0,48.0,6.906000000000001,3.0,14.0,46.681999999999995,40.0,57.0,5.776,2.0,14.0,52.84,45.0,66.0,6.1579999999999995,2.0,15.025,59.596000000000004,49.0,76.025,6.756,2.0,18.0,66.831,53.0,86.0,7.235,2.0,20.025,74.59899999999999,58.975,96.0,7.768,2.0,22.025,82.646,63.975,113.0,8.047,2.0,25.025,91.155,68.0,130.0,8.509,2.0,31.0,100.432,77.0,142.025,9.277000000000001,2.0,30.0,109.455,83.0,158.025,9.023,2.0,32.025,150.184,108.975,217.025,10.442,2.0,38.025,239.577,177.0,335.0,13.165999999999999,3.0,38.025
South Dakota,2020-04-03,2,0,2.015,2.0,2.0,0.015,0.0,0.0,2.04,2.0,2.0,0.025,0.0,0.0,2.158,2.0,3.0,0.11800000000000001,0.0,1.0,2.332,2.0,4.02499999999998,0.174,0.0,2.0,2.6060000000000003,2.0,6.0,0.27399999999999997,0.0,2.0,3.029,2.0,8.0,0.423,0.0,3.0,3.534,2.0,10.0,0.505,0.0,4.0,4.175,2.0,13.0,0.6409999999999999,0.0,5.0,5.085,2.0,16.0,0.91,0.0,5.02499999999998,6.39,2.0,20.0,1.305,0.0,8.0,16.377,2.0,56.0,3.627,0.0,24.0,54.477,13.0,156.05,7.212999999999999,0.0,41.0
Spain,2020-04-03,11744,809,12418.0,12418.0,12418.0,674.0,674.0,674.0,13279.873,13081.0,13537.075,861.873,663.0,1119.075,13835.383,13507.9,14291.1,555.51,389.975,799.075,14324.695,13875.975,14915.225,489.31199999999995,343.975,672.0,14746.094,14195.925,15486.175,421.399,297.0,593.15,15108.775,14487.725,15940.125,362.681,256.975,506.025,15428.361,14723.825,16337.1,319.586,220.975,450.025,15708.833,14940.975,16672.05,280.472,192.975,411.075,15952.053999999998,15111.975,17003.325,243.22099999999998,163.0,371.05,16165.935,15285.975,17246.0,213.88099999999997,137.975,356.025,16852.76,15846.725,18149.25,151.56,101.0,266.025,17680.13,16571.65,19063.05,102.92399999999999,70.975,146.025
Sweden,2020-04-03,358,50,373.0,373.0,373.0,15.0,15.0,15.0,401.0,401.0,401.0,28.0,28.0,28.0,484.69300000000004,445.0,560.0,83.693,44.0,159.0,551.836,482.95,653.05,67.143,22.0,141.05,623.299,527.0,762.025,71.46300000000001,21.975,175.0,697.9739999999999,578.0,890.05,74.675,22.0,200.025,780.085,634.975,1002.025,82.111,26.0,217.075,863.1,691.0,1119.05,83.015,25.975,243.0,950.372,759.925,1253.075,87.272,23.0,236.0,1047.802,821.975,1388.05,97.43,24.0,268.075,1465.881,1098.95,2029.225,111.162,15.0,450.2,2333.902,1791.975,3107.05,133.51,53.0,296.025
Tennessee,2020-04-03,41,5,53.864,44.0,82.0,12.864,3.0,41.0,65.92,48.0,108.0,12.056,2.0,48.025,80.877,53.0,136.025,14.957,2.0,55.025,96.197,61.0,161.025,15.32,2.0,61.025,114.69,71.0,187.0,18.493,4.0,65.025,134.22799999999998,84.0,223.0,19.538,5.0,66.05,153.546,99.0,244.075,19.317999999999998,5.0,48.025,175.326,115.0,279.0,21.78,6.0,62.074999999999896,196.94,132.975,305.05,21.614,4.975,63.0,219.338,150.0,340.025,22.398000000000003,6.0,72.0,316.96,216.975,471.0,24.56,4.0,83.05,475.264,318.0,723.1,19.482,2.0,88.05
Texas,2020-04-03,100,23,116.38600000000001,100.0,162.0,16.386,0.0,62.0,139.88299999999998,110.0,198.0,23.497,4.975,72.0,165.199,123.0,237.0,25.316,5.0,73.025,194.22400000000002,141.0,280.1,29.025,8.0,81.0,226.937,164.0,325.0,32.713,9.0,92.025,263.56,185.0,383.1,36.623000000000005,10.0,103.0,302.785,217.0,427.025,39.225,10.0,115.025,349.811,243.0,514.05,47.026,10.975,146.05,395.755,270.975,591.125,45.943999999999996,10.0,145.05,449.731,303.975,701.15,53.976000000000006,11.0,208.025,688.07,464.975,1078.075,64.516,13.0,250.0,1181.366,775.975,1821.575,69.89,15.0,217.1
Thuringia,2020-04-03,9,2,10.0,10.0,10.0,1.0,1.0,1.0,10.0,10.0,10.0,0.0,0.0,0.0,12.195,10.0,18.0,2.195,0.0,8.0,13.501,10.0,21.0,1.306,0.0,5.0,14.974,11.0,23.0,1.473,0.0,5.0,16.657,12.0,25.0,1.683,0.0,5.0,18.566,14.0,29.0,1.909,0.0,5.0,20.424,15.0,31.0,1.858,0.0,5.02499999999998,22.488000000000003,16.0,33.0,2.064,0.0,7.0,24.706999999999997,18.0,35.0,2.219,0.0,7.0,34.574,25.0,54.0,2.511,0.0,13.0,54.973,38.975,84.0,3.092,0.0,13.0
Toscana,2020-04-03,290,22,307.0,307.0,307.0,17.0,17.0,17.0,325.0,325.0,325.0,18.0,18.0,18.0,332.32,330.0,336.0,7.32,5.0,11.0,336.0,333.0,341.0,3.68,2.0,7.0,338.668,335.0,344.0,2.668,1.0,5.0,340.465,336.0,346.0,1.797,1.0,3.0,341.681,338.0,348.0,1.216,1.0,2.0,342.63699999999994,338.0,349.0,0.956,0.0,1.0,343.216,339.0,349.0,0.579,0.0,1.0,343.329,339.0,349.0,0.113,0.0,1.0,343.344,339.0,349.0,0.0,0.0,0.0,343.344,339.0,349.0,0.0,0.0,0.0
Umbria,2020-04-03,39,1,41.0,41.0,41.0,2.0,2.0,2.0,43.0,43.0,43.0,2.0,2.0,2.0,43.131,43.0,44.0,0.131,0.0,1.0,43.588,43.0,45.0,0.457,0.0,1.0,43.798,43.0,45.0,0.21,0.0,1.0,43.873999999999995,43.0,45.025,0.076,0.0,1.0,43.903,43.0,46.0,0.028999999999999998,0.0,1.0,43.916000000000004,43.0,46.0,0.013000000000000001,0.0,0.0,43.928000000000004,43.0,46.0,0.012,0.0,0.0,43.931000000000004,43.0,46.0,0.003,0.0,0.0,43.931000000000004,43.0,46.0,0.0,0.0,0.0,43.931000000000004,43.0,46.0,0.0,0.0,0.0
United Kingdom,2020-04-03,3611,685,4320.0,4320.0,4320.0,709.0,709.0,709.0,4943.0,4943.0,4943.0,623.0,623.0,623.0,6200.821999999999,5489.825,7451.3,1257.822,546.825,2508.3,7433.746,6283.0,9071.275,1232.924,479.975,2614.2,8866.940999999999,7278.675,11359.925,1433.195,549.975,3276.275,10483.157,8499.9,13388.425,1616.2160000000001,606.925,3693.15,12202.382,9961.875,15260.025,1719.225,729.9,3180.175,14113.653999999999,11489.775,17467.975,1911.2720000000002,893.925,3614.225,16209.008999999998,13108.8,20184.425,2095.355,850.95,4102.8,18472.599,14886.05,22862.45,2263.59,876.925,4721.475,29094.924,23112.575,37059.25,2932.1279999999997,828.825,7922.3,48672.062000000005,38441.125,61220.625,2615.078,1068.925,5179.7
United States of America,2020-04-03,7071,1157,8825.556999999999,8336.95,9660.025,1754.557,1265.95,2589.025,10571.032,9753.0,11874.025,1745.475,1165.8,2775.3,12538.515,11255.675,14281.075,1967.483,1254.925,3208.35,14678.239,13092.7,16904.0,2139.724,1386.9,3475.2,17026.461,14823.775,19942.75,2348.222,1363.725,4246.025,19558.682,16645.8,23410.4,2532.221,1422.0,4580.55,22238.88,18379.15,27270.15,2680.198,1384.9,5637.2,25059.575,20173.275,31681.375,2820.695,1421.525,5869.3,28104.764,21811.6,37260.525,3045.1890000000003,1324.975,7268.75,31000.851000000002,23608.4,41743.55,2896.087,1252.975,6259.925,43279.113,29827.825,68660.35,3042.278,1303.675,7742.15,62089.221,41440.975,96983.075,2228.8779999999997,1348.0,3737.125
Utah,2020-04-03,7,0,8.991,7.0,13.0,1.9909999999999999,0.0,6.0,10.642999999999999,7.975,17.0,1.652,0.0,6.0,12.505,8.0,21.0,1.8619999999999999,0.0,8.0,14.668,9.0,25.0,2.1630000000000003,0.0,8.0,17.074,11.0,30.0,2.406,0.0,9.0,19.684,12.0,34.0,2.61,0.0,11.0,22.476999999999997,13.0,38.025,2.793,0.0,11.0,25.84,15.0,45.0,3.363,0.0,13.0,29.362,18.0,50.025,3.522,0.0,13.0,33.141,20.0,56.0,3.779,1.0,13.0,51.382,32.0,86.05,4.876,1.0,16.0,92.934,58.0,155.075,6.247000000000001,1.0,23.0
Valencian Community,2020-04-03,571,60,613.0,613.0,613.0,42.0,42.0,42.0,687.7760000000001,656.0,741.05,74.77600000000001,43.0,128.05,741.092,692.975,821.025,53.316,21.0,120.025,794.2510000000001,734.975,899.075,53.159,20.0,108.025,841.095,770.0,948.025,46.843999999999994,17.0,114.0,882.676,803.825,990.025,41.581,15.0,96.0,921.257,829.95,1048.05,38.580999999999996,12.0,94.0,954.045,856.0,1080.0,32.788000000000004,12.0,87.0,980.793,872.975,1110.05,26.748,8.0,75.0,1003.227,889.975,1148.0,22.434,5.0,62.0,1059.224,943.0,1202.0,9.996,2.0,36.0,1082.975,964.925,1225.075,0.81,0.0,3.0
Valle d'Aosta,2020-04-03,70,7,82.0,82.0,82.0,12.0,12.0,12.0,91.0,91.0,91.0,9.0,9.0,9.0,95.104,92.0,101.0,4.104,1.0,10.0,98.98200000000001,95.0,105.0,3.878,1.0,9.0,102.556,97.0,110.0,3.574,1.0,8.0,105.31700000000001,99.0,113.0,2.761,1.0,7.0,107.51799999999999,101.0,116.0,2.201,1.0,7.0,109.397,102.0,119.0,1.879,0.0,7.0,110.93700000000001,104.0,121.0,1.54,0.0,5.0,112.07600000000001,105.0,122.0,1.139,0.0,4.0,113.749,106.0,124.0,0.161,0.0,1.0,113.887,106.0,124.0,0.0,0.0,0.0
Veneto,2020-04-03,572,40,607.0,607.0,607.0,35.0,35.0,35.0,631.0,631.0,631.0,24.0,24.0,24.0,678.5160000000001,668.0,692.0,47.516000000000005,37.0,61.0,714.85,698.975,732.0,36.334,25.0,50.0,749.1110000000001,729.0,771.0,34.260999999999996,24.0,49.0,782.081,760.975,806.0,32.97,24.0,43.0,813.434,792.975,836.0,31.353,25.0,40.0,842.985,822.0,867.0,29.551,23.0,38.0,870.91,849.975,896.0,27.925,22.0,36.0,897.1419999999999,874.0,922.025,26.232,21.0,33.025,983.433,957.975,1010.0,18.811,15.0,23.0,1071.538,1044.0,1100.0,8.386000000000001,7.0,11.0
Vermont,2020-04-03,17,0,18.984,17.0,22.0,1.984,0.0,5.0,20.042,18.0,24.0,1.058,0.0,3.0,21.111,18.0,25.0,1.069,0.0,3.0,22.16,19.0,27.0,1.0490000000000002,0.0,3.0,23.114,20.0,28.0,0.9540000000000001,0.0,3.0,24.055999999999997,20.0,29.0,0.9420000000000001,0.0,3.0,24.961,21.0,30.0,0.905,0.0,3.0,25.848000000000003,22.0,32.0,0.887,0.0,3.0,26.642,22.0,33.0,0.794,0.0,3.0,27.468000000000004,23.0,34.0,0.826,0.0,3.0,30.325,25.0,37.0,0.713,0.0,2.0,33.983000000000004,28.0,41.0,0.37,0.0,1.0
Virginia,2020-04-03,51,5,68.132,60.0,83.0,17.132,9.0,32.0,81.087,67.0,110.0,12.955,3.0,35.0,96.68,76.0,130.0,15.593,4.0,39.025,114.556,88.0,153.0,17.875999999999998,5.0,45.05,135.414,102.0,185.0,20.858,5.0,53.025,158.72299999999998,116.975,222.025,23.309,5.0,72.025,185.93200000000002,131.0,274.0,27.209,7.0,82.0,216.315,150.0,314.1,30.383000000000003,6.0,93.0,249.02599999999998,170.975,388.0,32.711,6.0,119.025,286.594,193.975,460.05,37.568000000000005,6.0,172.075,467.454,284.0,893.5,49.632,5.0,203.05,857.9689999999999,526.975,1469.075,54.858999999999995,11.0,179.075
Washington,2020-04-03,292,19,310.153,303.0,321.0,18.153,11.0,29.0,328.347,317.0,343.0,18.194000000000003,11.0,30.0,346.87300000000005,333.0,364.0,18.526,11.0,31.0,365.32099999999997,348.0,387.025,18.448,11.0,34.0,383.8,363.0,409.025,18.479,11.0,38.0,401.57099999999997,378.0,433.0,17.771,10.0,36.0,418.94699999999995,391.0,459.0,17.375999999999998,9.0,36.0,435.79699999999997,405.0,481.0,16.85,9.0,40.0,452.62300000000005,418.975,507.05,16.826,8.0,45.0,469.339,430.0,533.025,16.715999999999998,7.0,45.0,527.6469999999999,474.0,600.0,13.440999999999999,5.0,42.025,597.497,530.0,699.05,7.212000000000001,3.0,24.0
West Virginia,2020-04-03,2,0,2.001,2.0,2.0,0.001,0.0,0.0,2.109,2.0,3.0,0.10800000000000001,0.0,1.0,2.353,2.0,5.0,0.244,0.0,2.0,2.915,2.0,9.0,0.562,0.0,5.0,3.6710000000000003,2.0,13.025,0.7559999999999999,0.0,4.0,5.226,2.0,23.0,1.555,0.0,11.0,7.402,2.0,34.025,2.176,0.0,15.0,10.42,2.0,45.025,3.0180000000000002,0.0,17.0,15.321,2.0,60.0,4.901,0.0,28.0,20.838,2.0,80.0749999999999,5.517,0.0,35.05,74.743,6.0,266.075,17.184,0.0,102.05,168.15400000000002,52.0,555.3,7.69,0.0,48.05
Wisconsin,2020-04-03,51,13,56.869,51.0,68.025,5.869,0.0,17.025,68.00399999999999,57.0,87.0,11.135,4.0,28.0,81.35600000000001,65.0,107.025,13.352,4.0,32.05,95.958,73.0,134.025,14.602,4.0,44.025,113.235,82.0,163.0,17.277,4.0,56.0,132.10399999999998,95.975,197.025,18.869,3.0,61.0,153.195,107.0,233.0,21.090999999999998,3.0,69.05,175.762,118.0,288.025,22.566999999999997,3.0,95.0749999999999,201.398,130.0,335.075,25.636,3.0,110.1,226.12099999999998,144.0,398.15,24.723000000000003,2.0,129.0,343.527,201.975,705.05,30.954,2.0,180.05,549.904,337.0,1015.4,25.87,9.0,55.0
Wyoming,2020-04-03,0,0,0.002,0.0,0.0,0.002,0.0,0.0,0.028999999999999998,0.0,0.0,0.027000000000000003,0.0,0.0,0.059000000000000004,0.0,1.0,0.03,0.0,0.0249999999999773,0.125,0.0,1.0,0.066,0.0,1.0,0.233,0.0,2.0,0.10800000000000001,0.0,1.0,0.354,0.0,3.0,0.121,0.0,1.0,0.643,0.0,5.0,0.289,0.0,2.0,0.9790000000000001,0.0,7.0,0.336,0.0,3.0,1.383,0.0,9.0,0.40399999999999997,0.0,4.0,2.177,0.0,12.0,0.794,0.0,5.0,7.912999999999999,0.0,36.0,1.93,0.0,12.0,31.96,2.0,102.075,4.5,0.0,26.0
