,state,predicted_deaths_ensemble_1,predicted_deaths_ensemble_2,predicted_deaths_ensemble_3,predicted_deaths_ensemble_4,predicted_deaths_ensemble_5,predicted_deaths_ensemble_6,predicted_deaths_ensemble_7,predicted_deaths_simple_ensemble_1,predicted_deaths_simple_ensemble_2,predicted_deaths_simple_ensemble_3,predicted_deaths_simple_ensemble_4,predicted_deaths_simple_ensemble_5,predicted_deaths_simple_ensemble_6,predicted_deaths_simple_ensemble_7,predicted_deaths_exponential_1,predicted_deaths_exponential_2,predicted_deaths_exponential_3,predicted_deaths_exponential_4,predicted_deaths_exponential_5,predicted_deaths_exponential_6,predicted_deaths_exponential_7,predicted_deaths_ensemble_no_exponential_1,predicted_deaths_ensemble_no_exponential_2,predicted_deaths_ensemble_no_exponential_3,predicted_deaths_ensemble_no_exponential_4,predicted_deaths_ensemble_no_exponential_5,predicted_deaths_ensemble_no_exponential_6,predicted_deaths_ensemble_no_exponential_7,predicted_deaths_shared_exponential_1,predicted_deaths_shared_exponential_2,predicted_deaths_shared_exponential_3,predicted_deaths_shared_exponential_4,predicted_deaths_shared_exponential_5,predicted_deaths_shared_exponential_6,predicted_deaths_shared_exponential_7,predicted_deaths_ensemble_no_shared_exponential_1,predicted_deaths_ensemble_no_shared_exponential_2,predicted_deaths_ensemble_no_shared_exponential_3,predicted_deaths_ensemble_no_shared_exponential_4,predicted_deaths_ensemble_no_shared_exponential_5,predicted_deaths_ensemble_no_shared_exponential_6,predicted_deaths_ensemble_no_shared_exponential_7,predicted_deaths_demographics_1,predicted_deaths_demographics_2,predicted_deaths_demographics_3,predicted_deaths_demographics_4,predicted_deaths_demographics_5,predicted_deaths_demographics_6,predicted_deaths_demographics_7,predicted_deaths_ensemble_no_demographics_1,predicted_deaths_ensemble_no_demographics_2,predicted_deaths_ensemble_no_demographics_3,predicted_deaths_ensemble_no_demographics_4,predicted_deaths_ensemble_no_demographics_5,predicted_deaths_ensemble_no_demographics_6,predicted_deaths_ensemble_no_demographics_7,predicted_deaths_linear_1,predicted_deaths_linear_2,predicted_deaths_linear_3,predicted_deaths_linear_4,predicted_deaths_linear_5,predicted_deaths_linear_6,predicted_deaths_linear_7,predicted_deaths_ensemble_no_linear_1,predicted_deaths_ensemble_no_linear_2,predicted_deaths_ensemble_no_linear_3,predicted_deaths_ensemble_no_linear_4,predicted_deaths_ensemble_no_linear_5,predicted_deaths_ensemble_no_linear_6,predicted_deaths_ensemble_no_linear_7
0,AK,2.3910522425082013,2.79341632220051,3.2112741965621234,3.6488830304814983,4.1108200385098765,4.602183418574795,5.128789238465624,2.3276930823392488,2.6902092459071034,3.094515741187397,3.548509872424769,4.061359945404846,4.6438561194434484,5.308811022876356,2.0,2.0,2.0,2.0,2.0,2.0,2.0,2.549059145551533,3.1140007410260955,3.7006964878332664,4.31512368276883,4.963708990194535,5.653610564171829,6.392994488061894,3.217557098352521,4.564500784403892,6.066718163313724,7.753551993166106,9.659067490441867,11.823355934985992,14.294023173304078,2.2930815978859744,2.5834789150388544,2.8728010658513283,3.1623316673630684,3.453152542008455,3.7462139450035887,4.042378347639883,2.8940169848775144,3.7798458317590717,4.662394988012405,5.545580002903735,6.432700870830303,7.32665625315225,8.230077034882683,2.182525002950892,2.3844464574796973,2.609645121172274,2.8625197914346185,3.1481772133607397,3.4726275042436257,3.843007296349371,2.0,2.0,2.0,2.0,2.0,2.0,2.0,2.569352889263156,3.155175258773599,3.7635558335612656,4.400692836947334,5.073250468867878,5.788651455507676,6.555363706368501
1,AL,28.21930698534282,36.38826812849546,45.74607809255465,56.65525983717119,69.59946527443658,85.23695163642797,104.47584543021021,30.20136046560098,40.50730988954616,52.55507247157998,66.88727954732029,84.23266998493183,105.58988654565901,132.34582839333444,25.13520421743833,29.937543498197705,36.529706821942845,45.652788405514045,58.373971132064234,76.23483097286754,101.46828476057371,31.07921857751619,42.46180517454405,54.96263283387933,68.82624824910617,84.3381168909861,101.84100044761128,121.75356564468098,90.59836753515755,166.14221386602767,249.25130499749878,341.55174656759584,444.83737806321466,561.164311204758,692.9354109380499,25.44007910704786,30.503240958769183,36.566979194944416,44.005305461078116,53.34444862931386,65.33067433303395,81.02861174560117,99.90201878173312,195.68924135606005,314.1266495817329,462.7847488784714,651.9219575327772,895.6692291093275,1213.7395247168047,27.20269242480248,34.31350204993882,42.516305175756,52.15773507058207,63.70683384098814,77.80989951284045,95.36839386635377,22.999999999999996,25.5,28.0,30.499999999999996,33.0,35.5,38.0,31.615074793306345,43.39267755029147,57.020462700544535,73.0515349585438,92.21720722404214,115.50598695468197,144.27387172643046
2,AR,16.18920433034182,21.47513141091053,27.330979406230675,33.87869429792484,41.259767015186696,49.642842466044335,59.232033317985795,17.354160367312893,24.01111547514502,31.401605276026856,39.671812265662915,48.985938335572556,59.533792402336154,71.53804088265245,12.792719094557393,14.247262345598388,15.921602542715302,17.849461381940806,20.06980188156609,22.62765191241718,25.57505827304592,19.056550246463587,27.517925964311218,36.86725639025149,47.30364236988936,59.05763723864271,72.40454963100753,87.67883841455054,75.57851713015165,145.5359959657926,222.39167559515147,307.65103524906596,402.96534741717903,510.22163703367124,631.6211794532406,13.896139780753789,16.5656634653058,19.530343040527477,22.8542859522049,26.614944374753215,30.907484255894737,35.85017284004537,82.12658555853412,166.49649155510986,268.3083333972096,392.84025046580075,546.989827234206,739.933890487825,984.0339248666008,15.32750533996304,19.57839590586604,24.24272492432109,29.402011147314617,35.14810468647889,41.58733929206834,48.84455312692572,12.999999999999998,14.399999999999999,15.799999999999997,17.199999999999996,18.599999999999994,20.0,21.4,18.844503812934683,27.231679618226394,36.60132866770405,47.166470784609686,59.1738033615289,72.91731494956832,88.7530545215412
3,AZ,47.46198721374629,57.3287748197348,69.12316515129451,83.49146840719055,101.32068865979011,123.8372744263811,152.74714009218175,50.62672833974976,64.69160887106136,82.70413553721006,106.0521448948314,136.65858193565649,177.20296890497622,231.43699686613724,51.963105212605136,68.11371322718551,90.0243090717211,119.92088864677949,160.9368660211797,217.49666174679749,295.86561701579143,46.35652973541047,54.49920544983741,63.29847305475042,72.87886583723032,83.38577151288453,94.99182166827055,107.90410978518432,59.39089871929385,81.9817360040591,107.28996373677973,135.8755712104355,168.38363528453084,205.57588476515426,248.36360584250008,46.94341377450371,56.286554655956174,67.61588846606197,81.6535834647152,99.4051252946931,122.27754958662918,152.24805474845752,55.751635478976716,73.78311869577986,93.53798026896318,115.51885786242732,140.34432711639334,168.80438874960126,201.93055671700486,48.37865336979436,59.54264861373622,73.21254866283105,90.2549090180887,111.86568253581234,139.7047647705203,176.08720842781852,44.499999999999986,50.69999999999998,56.89999999999998,63.09999999999998,69.29999999999998,75.49999999999999,81.69999999999996,48.81179691034314,60.300194357685136,74.41296329381812,92.0418624242016,114.41277682617735,143.2244323125459,180.8452345938892
4,CA,329.907845906033,385.4173811777746,448.95807252074036,522.4467751693786,608.321277676067,709.7076431719562,830.644544230092,336.54158224640065,400.3399296700712,475.98846274860085,566.2839471850298,674.779289457561,806.0220627914113,965.8736933579347,333.24666994000756,391.2203435412942,461.8228032436495,548.2812696433032,654.7645913441879,786.6883631072193,951.1270254293038,332.1611040634262,390.1096418243709,455.1899032568011,529.031694983004,613.674419239844,711.6940388813639,826.3696608172215,375.21423120630766,480.9751333449357,602.0820779402555,741.8154581664386,904.1365271696674,1093.896227589667,1317.0892880015585,325.6183452758752,375.53607497789454,432.24970201166525,497.47009744904057,573.4025085617008,662.9115583308251,769.7452023420408,367.6702371732369,464.31955718636783,574.6902696647419,702.1040512982403,850.7111716127058,1025.7798854111215,1234.0719297330477,326.4513840843831,377.8387564255404,436.39797084147466,503.8160434134102,582.2335546730096,674.3863619175722,783.7949598990601,312.49999999999994,345.6,378.70000000000016,411.7999999999997,444.8999999999997,477.9999999999999,511.1,338.6174454110156,404.47810005253604,481.7750536835711,573.2341673348493,682.3207988543555,813.4794225525136,972.4548874290956
5,CO,131.5350361111875,154.67305256051785,180.1228033394422,208.4771883561074,240.48236549946316,277.09628430105954,319.56698004945554,135.52937514630096,164.14605479321864,197.75358142054148,237.56891379162553,285.1524684406577,342.5287506781822,412.3510934393387,133.91728137133106,161.04017781597912,195.7868193840027,240.6989620446819,299.2705922561284,376.3335079823622,478.6072114449357,134.40027159120618,160.4669654035621,188.27394404902702,218.2143320927991,250.7366333173101,286.3660797925413,325.7272857704701,177.98531316720317,253.04971469522374,336.85435269892963,431.1888820065083,538.1050149310855,660.0149253999343,799.79279502041,128.0225779725489,146.869395034123,167.34477847783853,189.97292859643494,215.44625612647994,244.69667376979322,278.9949185739967,163.5561108167234,219.63484302433474,279.1949911239518,343.1777477075038,412.60890937871744,488.661233109869,572.7118297745347,130.56111044247598,153.30466303650007,179.11077919516637,208.7606275798964,243.26998015362096,283.9755067439834,332.65434276382297,123.99999999999999,138.29999999999998,152.6,166.89999999999998,181.19999999999993,195.5,209.8,136.0710087291944,164.14306297660784,195.52426650095174,231.03825394264354,271.706966179694,318.82537132391093,374.05929953002266
6,CT,163.00324729119075,199.51291394379382,244.5778344854203,300.9458257522599,372.3432719350109,463.85224519633425,582.4417129817505,169.39269230998372,214.21349820993677,271.9707133817731,347.01436036423496,445.29396588381263,574.9895903138149,747.4057248852508,185.8649690041627,248.5927628280195,333.5144584495574,448.85434320771617,606.0234506991955,820.9075368444456,1115.6961880903166,155.42473376706147,182.83097719153218,213.9550989562701,249.5966972789825,290.74812462901434,338.6473170474138,394.84631566654605,159.0462156948944,191.86655692581982,230.5095704115588,276.2703636011677,330.7624784140942,396.0089424662989,474.56055933713134,165.6729007804819,204.85936633744737,253.9770569128699,316.470555105876,397.06942806609794,502.29561434899796,641.1806410762771,156.9874600831797,186.9582111492416,221.6930755132591,262.13267572208923,309.4193353100678,364.9477843806528,430.42863939357557,164.9228198031801,203.47352935116837,251.56650157403996,312.40585921185937,390.36512956040133,491.44296178074694,623.9058978133886,152.99999999999994,174.99999999999994,196.99999999999997,218.99999999999991,240.99999999999986,262.99999999999994,284.99999999999994,165.94733684078426,206.73133823674064,258.3786179375676,324.3885255858531,409.5164756882277,520.2639769135826,665.5717177944314
7,DC,16.915603971931038,19.502485187663588,22.44647882913977,25.81367415407865,29.68408120809115,34.1549792045064,39.345157056189755,16.81516624804759,19.323347594674992,22.184486000054346,25.45716640810511,29.211157771749725,33.529914198285105,38.513711932128615,16.06101831807297,17.97675352975173,20.12099488771488,22.520998277103228,25.207270625915278,28.213957684732822,31.57927806025571,17.29968628071721,20.188205261612154,23.491637073062247,27.293524122544518,31.696124982331764,36.825093372186906,42.83542947188813,17.94008052900418,21.331975920863652,25.262463845827607,29.836860803029428,35.183500399328445,41.459386867182324,48.85736386402668,16.646750325174068,19.022371463310407,21.707479155870093,24.757868245503698,28.240867213196555,32.23808162012395,36.848866173458696,18.190490898997016,21.91241386454485,26.272870207299427,31.402810869806647,37.46296351317265,44.651353282238404,53.21288544168153,16.43694943497269,18.59768079250836,21.009865468024305,23.71524048920412,26.763510584340782,30.214130045843387,34.13853757637593,15.499999999999995,16.799999999999994,18.099999999999994,19.399999999999995,20.7,22.0,23.3,17.289823024483592,20.216895055477973,23.595483227002298,27.509147685454856,32.059049366142375,37.36818352711191,43.586741277964414
8,DE,16.8081337711808,19.8227713840053,23.20064338071957,27.009216019679155,31.32914248016295,36.25742555787331,41.911299899162756,17.457444942788115,21.228097726908214,25.577366605216795,30.619851060634442,36.493787136662334,43.366691880511844,51.44230567176172,16.887252220014233,20.016980457674467,23.841193417233512,28.519093470281994,34.2470519997229,41.26737347383954,49.87913683244509,16.994109402361502,20.234879668553987,23.82341887132186,27.821914292529826,32.304027714454605,37.357739201577814,43.088823503471005,18.614042094026757,23.797732450646123,29.659211156773885,36.32527919860046,43.94645667786487,52.70285516581475,62.81129657119794,16.294818980480436,18.70565239282518,21.385240452699637,24.38318878470244,27.758995838628774,31.584369641097595,35.94608166115327,18.46319872469623,23.50483706875204,29.245736318528554,35.83224396739697,43.44397687075096,52.30348379917204,62.68867761460366,16.675835526659863,19.627658993001816,22.978201360888963,26.807183352074134,31.210977035903884,36.30658127278263,42.236522280375496,14.999999999999995,16.299999999999997,17.599999999999994,18.899999999999995,20.199999999999992,21.499999999999993,22.799999999999994,17.40811801134762,21.07919202166313,25.235493380050745,29.967142598811577,35.38177157046334,41.60877658042573,48.80453764861275
9,FL,207.21471050504752,249.72648823556,299.69793778499115,359.6667425197473,433.250221274808,525.6889131534388,644.681443083003,212.36798104520332,262.709119704524,325.35845696156804,404.7020786915296,507.0305453553799,641.4929517471674,821.5601739065804,221.74451324157587,290.0107682076366,387.8267897771584,529.9717307393195,739.2548546606589,1051.0886162952302,1520.737026255832,208.13448882839975,250.37101017193066,296.8092449282036,348.2731404679931,405.74564331506707,470.41299925577033,543.7181458432257,253.01913756053239,345.34032634684985,449.0574653907952,566.4923918634213,700.3488004033271,853.8402261646247,1030.8302148100304,205.36574105870488,246.10201855285385,295.2590088098593,356.3392765919567,434.56499633587526,537.8079966735528,678.04446064538,251.05753640965577,341.83916770690695,444.8543597682287,563.0814286046719,700.2230238683483,860.9934218911914,1051.4994258311094,206.89317663144757,249.51300464987872,300.54613840897133,363.0882356447377,441.61978757188444,542.7141418354992,676.1304695925927,199.49999999999997,229.70000000000002,259.9,290.0999999999998,320.29999999999995,350.49999999999994,380.7,212.5049870172684,261.75847078839683,321.0760521522312,393.8092743148651,484.698333113165,600.5607978269825,751.3427244350971
10,GA,234.35970869098927,278.77764734674145,329.40975840217766,387.9626641998845,456.69294273020085,538.63135436827,637.8982995138307,244.46339645724456,301.4617257793514,369.4383295268628,451.59153907149044,552.2057314606826,677.0943135715941,834.2261789032348,233.26633218837102,276.4657303540564,332.27597880778546,405.21859565309853,501.6254840562695,630.4075433413964,804.1611839179878,241.4488619734037,293.01079717089806,349.4993784831364,411.88840954135543,481.3191690449757,559.1533932085711,647.0335349013723,369.43091793797856,561.9801073305031,775.8714121992809,1015.558887919622,1286.0925167870935,1593.3691113209145,1944.381241879945,225.04181508899845,258.61624216450224,297.0380250740271,341.8687571332945,395.2605294834467,460.2094716645739,540.9207138467574,370.32554746225526,571.6268634876072,805.0728615381344,1079.3573758252933,1405.5156544151332,1797.8603347217493,2275.229744859902,233.78802150379778,277.27069670524924,327.60577621965956,386.7946194823697,457.5222667358041,543.434969697046,649.5329422077483,217.99999999999997,240.9000000000001,263.79999999999995,286.6999999999999,309.59999999999997,332.49999999999994,355.3999999999999,244.79374971660113,301.9486339128206,368.341742480015,446.49903126671694,539.7490526490525,652.5536890287799,790.9725475868196
11,HI,4.1126427775393735,5.446731403081946,7.025422250646633,8.925115899759607,11.246965456527038,14.125747782790068,17.741751320243637,4.362443554466534,6.03963274025845,8.129049766138138,10.7642469553553,14.123327087198676,18.444888567577987,24.0494861310328,4.073938969622857,5.543347802486513,7.542750416356077,10.263307638376927,13.96512914593481,19.00214228533832,25.855930701317693,4.195648694049658,5.530329563614838,6.972891289212447,8.543667313139748,10.265740630426672,12.165897136382645,14.275603722185792,7.448038696220872,12.299038012495025,17.655721427802092,23.62365947207341,30.320708133145278,37.88289551166923,46.46992152039557,3.917056338561222,5.064211965798446,6.459930462270417,8.189392947080862,10.367476905313739,13.14947607465314,16.745620466869855,7.30720504091073,11.906538429460328,16.87237830991932,22.276040640949855,28.193181062086545,34.70754292796582,41.91387148288192,4.016251950933219,5.264462889001593,6.767009413045925,8.606506885663988,10.893244211408014,13.77507482116631,17.45074326624511,3.5,4.1,4.699999999999998,5.3,5.9,6.499999999999999,7.1,4.482584706674966,6.251919288649759,8.394100707862227,11.02503167166109,14.297834844143136,18.4162391526889,23.652475224828596
12,IA,17.935017760820045,25.06022500375716,32.815464870841616,41.34164027216698,50.796010248373086,61.36027118014677,73.24819395141255,17.73852310091355,24.93876697758969,33.00740517583492,42.13094514962471,52.52348477764567,64.43702091537686,78.17192915680428,12.879458070628278,14.710809328247313,16.969951813118314,19.757288288738774,23.19689005636957,27.44209919528643,32.682461770171386,22.1437075583228,33.72846340754077,46.24426198299747,59.90064017026502,74.92642259195077,91.58208812837283,110.17073768530338,79.68182821022884,154.08323637230572,235.81450881089685,326.4732297671017,427.81208648637926,541.833924350762,670.874846669555,15.614664283461043,20.142132953902184,25.027214317810156,30.35384582580015,36.21640144503693,42.7245533973977,50.00800740256145,79.48115071686371,153.7779602154157,235.63228165308405,326.8593379110878,429.5295468143216,546.0948441463242,679.5180621769156,15.570981641460447,20.172749707716402,25.283603187041336,31.012734114687838,37.48626417289342,44.85323180522269,53.29180783343599,12.999999999999998,14.399999999999999,15.799999999999997,17.2,18.599999999999998,20.0,21.4,21.78645756443946,33.21017611165873,45.68071489602125,59.43469290959254,74.73469245035999,91.88307779983707,111.23479823646247
13,ID,13.9912798321387,18.242362314999024,22.77240115005156,27.644619255521082,32.92687927120991,38.69524843201362,45.03705649555798,13.603719731680956,17.370370825841363,21.54038126583431,26.193788234308425,31.420719333703463,37.32550624911024,44.030706855672804,10.48549838584679,10.779257890928807,11.107736648824433,11.475038106384176,11.885750694284239,12.34500514696261,12.858538597162656,16.474349184844872,23.50629832837289,30.987260374959853,39.02320112195345,47.7273811624503,57.22657935974293,67.66635401862506,43.166580586668125,79.16904221550084,118.77730771465491,162.76516234150822,211.98651791343227,267.4202329960969,330.21023986495925,12.681067815072673,15.482886183471164,18.39654558773113,21.45088175657452,24.674896098365384,28.0994636825253,31.75857560546393,41.556251117870175,74.70475860403745,110.03815625796983,148.12080581865428,189.55789302393052,235.03390022421306,285.3457188018728,12.054976837598415,14.34917460993446,16.876155071232205,19.681784952566595,22.817885464721563,26.344554986143564,30.332474782008667,10.0,10.299999999999999,10.6,10.9,11.2,11.5,11.799999999999999,16.485445246363973,23.186647004917997,30.345632471096188,38.067674281844376,46.46545939402778,55.66519295718213,65.81175996681807
14,IL,261.71099151500596,326.84624736033805,409.5087459916102,517.6591783873209,664.5560032503078,873.4078133821282,1186.645527021538,267.3279950470121,339.9819643607298,436.0561402265828,567.7791449295648,756.8295897220485,1043.3764598626785,1504.4477685208176,275.2630847321706,367.1648295289549,504.72694503387265,721.143586183365,1080.2863758165518,1707.9935063087537,2856.3318118784837,259.06918280505107,319.17533277492356,390.5798456188531,476.70574573651675,582.135027169158,713.066597361597,877.9653004521552,309.9362708163847,423.9456684190081,554.3464357687179,704.9725162631604,880.4719178936746,1086.597572791831,1330.5597887562517,261.87587176486034,328.85548083591283,416.2640186152394,534.5942446733072,701.9608996412258,951.0577789881618,1343.1294364103505,321.73838382271225,455.62292300341284,617.4201592544965,815.9174371853534,1062.8518055468066,1374.1362891719339,1771.5897422435628,259.18351943432407,322.0023005554049,402.92979784110287,511.49671069748086,664.6179680338,893.6547023059887,1258.763160284237,237.49999999999994,272.2,306.90000000000003,341.59999999999997,376.2999999999999,410.99999999999994,445.7,269.1639387816668,343.0107385903652,437.9756086605074,563.4843104521767,735.1431665938809,980.1385195352196,1347.9832840898841
15,IN,131.31542580958143,168.22080644883866,217.01110273679421,287.70371037863794,401.33091443007476,603.2739155868976,993.3015462672911,134.76691688144942,177.98142737520084,240.14796594791991,337.8974888881991,506.3739550505561,821.710392077809,1451.713460909558,131.3773772125142,176.333124017299,251.2165878709814,383.772780783349,632.1690700174522,1121.1126649358096,2122.6247600420998,133.6636563666487,169.31585741556773,208.24750257968986,251.12229590355645,298.71437112519277,351.9439399625522,411.9172286313079,201.9464400437406,311.562436016574,433.227963203704,569.4536404204098,723.0841097990709,897.4384545600471,1096.4496325641157,128.2103692970591,163.36056143597403,212.84248459736318,289.63879827341054,421.06553419138345,665.9549334686071,1153.209483797313,201.88158804201845,311.97858225975546,434.91073569243304,573.5600634058983,731.3011615751533,912.1921364066695,1121.1876684899673,128.12208984705524,161.92148650810728,207.9679957875739,276.73220244286546,390.1605220148924,595.486289022323,996.2899825742351,116.49999999999999,133.70000000000002,150.9,168.09999999999994,185.29999999999993,202.49999999999997,219.70000000000005,139.42052689386256,186.77620370707837,251.8929324046315,350.29021154191196,514.8895798644028,817.3022563502172,1415.936841423704
16,KS,23.21195388129509,30.118573082287593,37.7556161309097,46.319111867524285,56.04915047101533,67.24713010688758,80.29673439916192,23.482890448400735,31.098572292362224,39.96137320692818,50.40403565173586,62.847026098913496,77.8295599096436,96.04909545481915,19.67851462959768,23.637668904369477,28.798189556341914,35.556961006125846,44.44598110572379,56.17896666991261,71.71414608832225,26.056046015836227,35.69192320272764,46.020493235463135,57.20074021860321,69.40700928423286,82.83833024317802,97.72693753045368,66.61254306348535,120.47762022600125,179.760840502996,245.6303415163116,319.37482885951664,402.47217495671754,496.65059001767503,21.377863852935917,26.370080736890436,31.910454096294465,38.169120740855995,45.36295889514668,53.77334262580843,63.76888226588957,65.71743602814945,118.71253957044513,177.36873012724197,243.18903286165934,317.95145653047507,403.8383639706023,503.58592845716197,21.52575731931207,26.85474935513975,32.940032894192406,39.98761552490935,48.259794750749165,58.09489773654972,69.93265786019269,18.999999999999993,21.399999999999995,23.799999999999997,26.199999999999996,28.59999999999999,30.999999999999993,33.39999999999999,26.142385986634057,36.238231061791154,47.45840689164342,60.10070612784804,74.52482206472965,91.17761067004031,110.62305696009125
17,KY,47.92836840214474,61.73782994495113,77.49248476433833,95.7379090190113,117.17167350821101,142.6992272167793,173.5063301413727,49.79701516232727,66.44977707436409,86.54532270665575,111.11948776514384,141.5248775047821,179.54490195799107,227.5444878181368,45.90318381391381,58.88175472277878,76.40094130894123,100.07351137120571,132.09117979531948,175.43400881415909,234.1559612708977,52.018739724831896,69.75689756798457,89.03421121939016,110.17712516064755,133.55723517590113,159.61107751418857,188.86052000741006,126.33768238011972,225.58088191798478,334.89073942964217,456.4411916181518,592.636218921262,746.2378695827672,920.4815703846958,45.07582101245894,55.76581080694937,68.18390560739365,82.87137998598287,100.54320773840423,122.15129903059133,148.969113333241,128.80723937765148,234.40866648471328,355.46041095074435,496.3258662698384,662.5549990764971,861.423233692655,1102.6660078445661,46.49395795136212,58.87526317804734,73.40677784489863,90.74556501149502,111.7543595867008,137.57544418465625,169.72885436629286,42.0,48.49999999999998,54.999999999999986,61.5,68.0,74.49999999999999,81.0,52.21623826985767,71.15413341857955,92.96772018839809,118.4433429194551,148.57406845224241,184.63705039712315,228.2922108379649
18,LA,429.77807310716884,505.5378829182866,594.2498559514452,700.0203350935508,828.9381750615104,990.4315880576454,1199.7168685845295,441.77352042549364,533.1549426349591,644.9912005213214,784.1884257858596,961.1893854401363,1192.4626890291336,1505.0178541889484,431.8304110115695,510.4081019795811,608.3477849433982,733.0261159824227,896.206613854911,1117.3987041180367,1430.0586361469504,432.362859402303,509.73696292302645,597.5399468477467,698.1984494142864,814.7603530571766,951.0850370308609,1112.0939845136172,486.85003721106006,625.5684496928095,786.4011016340007,974.4548525443788,1196.0376876203084,1459.0450943881451,1773.45112317835,420.30741619471445,484.74452580842956,559.085138141673,646.8598031319536,753.5948805348581,888.3162892066506,1066.3193455727217,482.42353419434033,619.7192331540804,784.6966765357554,987.3078733597594,1243.1601004712977,1578.4489684541793,2040.1701604010145,427.21926540387597,500.31941101954374,586.0355039842507,688.55854487975,814.1918141344457,972.8245177588846,1180.6013521737664,403.49999999999994,447.10000000000014,490.70000000000016,534.2999999999998,577.9000000000004,621.5,665.0999999999995,442.1400801807238,533.1625314972283,643.214025024832,778.4616484815101,948.1324303159353,1166.648379037745,1457.49375974924
19,MA,225.97856795354642,269.770773558003,321.78904603676193,384.45595217501454,461.01214146701903,555.8168318722995,674.7634508254814,234.0486402147261,288.871802324772,357.5663396604655,444.485167056818,555.4989277765352,698.5607446659195,884.4888098897709,264.9857072615995,359.15428544438055,488.51131209560356,666.6270039834816,912.4292473351261,1252.3587445051994,1723.4043331291641,220.76658293194726,257.73676161527726,299.07925054986333,345.63672112998756,398.43441370496276,458.72584409690194,528.0507928564737,227.81400547780171,273.79307984609886,327.18639680072334,389.5073749141731,462.6064504688252,548.7596325696626,650.7805048652444,226.88447640650503,271.3794522975054,324.80640029977087,390.1693285191399,471.58308672148104,574.7042339589703,707.3329579510123,221.26596146325178,258.73725721227277,301.1737243247662,349.4752220650516,404.7203213400495,468.2112346188063,541.5294769973659,229.82600433445512,278.3486160726272,336.8235251697533,408.3904264905193,497.2901177618866,609.2763027753041,752.1870178639357,220.49999999999997,254.5999999999999,288.69999999999993,322.8,356.8999999999999,390.9999999999999,425.09999999999985,228.36655536707414,275.7722926549984,333.7093760081484,405.2799132594884,494.63130804798976,607.3394985209144,750.9386632830174
20,MD,50.503772598171984,63.84264040732557,80.56218830022877,102.48830003952148,132.65892871832287,176.20336958197805,241.87584690497602,52.22845409344256,68.95456484759289,91.73671431919838,124.16154247924457,172.29205150954485,246.4872866917951,364.58418516117297,51.565618181557134,68.72398712728857,95.1843009373016,137.04886040658684,204.7614988746231,316.3085999305956,502.8197174025226,51.164627877351926,64.03046431406541,78.11919357871969,93.6734968472602,110.98172981599814,130.39126644017094,152.32448721043232,67.95551927291707,99.81294366900183,135.24021851653177,174.95458028965479,219.77365553786157,270.65293561879747,328.72398613955806,49.34857800042459,61.466557472346395,77.31471254158973,99.10559649506551,130.56933122822056,178.05983704565483,252.4861789514042,69.29435857993778,103.9231268317021,143.99848314709962,190.8510797146253,246.1307948759076,311.9174163411923,390.86122810249867,50.1568389614984,63.362466533822726,80.49766388523848,103.88678219090913,137.45881221190677,187.92586546180183,266.8438032738101,46.499999999999986,53.39999999999998,60.29999999999998,67.19999999999999,74.09999999999998,81.0,87.89999999999998,52.46394028001779,68.807486876789,89.8837526643777,118.2032970189212,157.92611638259584,216.05445325494347,304.5114429603139
21,ME,11.520841408183712,14.406340186017633,17.640914703214875,21.296452984355458,25.45801400810574,30.227653906003884,35.728769726004856,11.900331908020348,15.271892987455502,19.14649371477402,23.63292629683587,28.86142936099931,34.98975410380618,42.21020110751067,10.527370801429843,12.647000364626107,15.29350152632519,18.597837586024724,22.723525098823988,27.87472556564803,34.30634845688452,12.359557732078322,16.09258149865832,20.209148916466667,24.78403056085753,29.902884680309604,35.66606704597334,42.19259230863515,25.55093581604031,43.567621847463236,63.43866485603913,85.55870038398027,110.36599764134426,138.36518587415983,170.1480485675321,10.802975861372238,12.934294904612914,15.327524960813793,18.038522699186164,21.1347461905454,24.698298976668553,28.829555660187715,25.724621952131066,44.24272379623558,65.0026221759793,88.48589458825218,115.24692648637448,145.9416361834268,181.35719559044728,11.102850709236098,13.57253855166493,16.359855384274148,19.533530882092414,23.176199119612328,27.388224816646403,32.292198747844765,10.0,11.2,12.4,13.6,14.8,15.999999999999998,17.2,12.525659945152864,16.51605416598421,21.027068995512572,26.16642205163284,32.06074604921536,38.86138234180769,46.75081708170492
22,MI,593.1944249742842,729.8655830634924,898.7326164657288,1109.9892872725663,1377.4383444473015,1719.9309523150582,2163.438049795354,593.7100129026859,728.6783434340131,895.3108471343651,1101.9933255047024,1359.4808879278526,1681.62666884494,2086.3476962400823,623.0093442261053,778.7503602505109,975.6732281529837,1224.8267681385285,1540.2664943657967,1939.887563548961,2446.4943416318592,592.710807497409,731.1055289696244,900.6804279687668,1111.740414592285,1378.4322553980685,1720.3640058876751,2164.965620469651,636.7609235034257,822.6459346282481,1041.3961719023605,1301.2753882641678,1612.6904764822564,1988.9230132659638,2447.0826368799653,595.9622896637802,734.6435853334428,907.2873208383126,1125.2386789928419,1404.0406242281351,1765.1614961012763,2238.5043415686523,676.8724525503503,927.1815876102639,1245.4094847574465,1655.4403367203001,2190.4241149509216,2896.8784783849437,3840.715638802875,581.2012659702278,696.0750221586276,832.4596732912638,996.0599106855142,1194.1930690820625,1436.2830127461925,1734.5144476917596,555.4999999999999,629.0999999999995,702.7,776.2999999999998,849.9000000000003,923.5,997.0999999999993,605.3861782322175,761.2200796350261,958.1437737858895,1209.1213909584837,1531.6891898606798,1949.7787175502776,2496.338215151199
23,MN,29.57833937545405,38.09874244731622,47.18355920984491,56.9770032999204,67.63945547477128,79.35637468498687,92.34682328735123,28.915379108048743,37.10198458427517,46.323387442920605,56.79382918883749,68.76328308090109,82.52931428968907,98.4499673282035,23.393135039403333,27.116146921861663,31.74488588170684,37.50615310091277,44.684189217866525,53.635284301835156,64.80610998922033,33.922473723111075,46.81731053355037,60.42922765929085,74.95295230687975,90.5978318367769,107.60022441560302,126.2342634115333,82.648259081922,148.52143934871415,221.0489465827114,301.6664438694453,391.95977789099794,493.749330759957,609.1656619376546,26.883268188734103,32.609330255045776,38.52220816185514,44.69327500791809,51.19998208899429,58.130997424801926,65.5908987785855,78.02189016463531,136.06581919291207,197.17517834410094,262.31300734743047,332.49323829855496,408.8509371498277,492.70069443962655,27.233542046138933,33.673410709875526,40.82872090331511,48.8476308584894,57.905193956600804,68.2115625662492,80.02125815639818,24.499999999999993,28.499999999999996,32.49999999999999,36.49999999999999,40.5,44.5,48.49999999999998,33.21948093802114,45.382129044846906,58.3695685559979,72.40082478690007,87.71516516562285,104.58593729351207,123.33313319255089
24,MO,26.80467086672373,34.660503544974354,43.2808541359289,52.833656586162626,63.51162144072054,75.54260383278562,89.20054599993107,27.59480227029954,36.456874808748616,46.35090125255654,57.485807808598636,70.09938650191638,84.46907577387807,100.92270965286363,22.097440198057704,24.535623719571664,27.415559588369746,30.822646267537447,34.85937589267067,39.648821439060356,45.33884302048161,31.02231679912377,43.517268608671664,57.20394465951499,72.35282383740547,89.27276594730533,108.328613248517,129.95950353483488,97.84709929777898,183.35102265577476,277.3576100233702,381.70839442784256,498.4293790620144,629.8395912783818,778.6469950125279,24.037284026546956,28.775321033231513,33.94781514616323,39.653605614959325,46.008813756930586,53.15339613518541,61.258628771779335,101.17510532181454,194.30985203564984,301.6428885548937,426.964584750488,574.96690587823,751.5967032788658,964.4980261964362,24.648999054806332,29.966581532253333,35.796224192063775,42.241767773540175,49.42108927719951,57.471497339022974,66.55506628207594,21.5,23.099999999999998,24.700000000000003,26.299999999999997,27.9,29.5,31.099999999999998,31.15087368564383,44.0490271182959,58.313974145443666,74.24714723496099,92.19418759403196,112.56373805894223,135.84720251810344
25,MS,35.56998616089253,43.72985466797492,52.69561441067082,62.64775144970771,73.79828031487017,86.40327103029054,100.77729786963089,36.36548138553032,45.735208762702285,56.08197005975931,67.60495695748176,80.52762305922172,95.10817045076709,111.64969164319292,27.86869698258395,28.142738270540477,28.44295821311296,28.77185760849355,29.1321761514751,29.526915254799118,29.959363050584713,41.97608650177291,56.77129923603168,73.04358452887884,91.12801591656017,111.41882639078317,134.39318925045683,160.63876288111902,111.57294561673112,202.36297065498954,302.2896080095943,413.29789753788447,537.5404525736974,677.4878701950491,836.0290808163254,31.297966919998633,34.8577805250251,38.73244794193556,43.002750422982146,47.76953766829795,53.16125111788159,59.343712694290645,122.65396441088532,236.15859117264344,374.79327830139533,546.7556626176342,763.1247833550614,1039.165757937857,1396.2395725202146,34.180582121049405,40.72544546786974,47.811832673052606,55.54961056757176,64.06220461605989,73.49233526749741,84.00760372847073,31.5,34.6,37.699999999999996,40.8,43.9,46.99999999999999,50.09999999999999,38.77585900766713,50.90139875688766,64.44879339218369,79.7371614875741,97.14065563203327,117.11058779319971,140.2007720998895
26,MT,6.676132021814079,9.493549146034484,12.546148815494979,15.885511028912777,19.5681349152095,23.65839231047554,28.231184840941964,6.461302725623895,9.02555876121835,11.855177993734111,15.003749399243606,18.53127418789539,22.507056825878983,27.012453270430395,4.453062684920081,4.709320229021975,4.984595073098154,5.280298522714585,5.597946618778382,5.9391679101222525,6.305711802905394,8.305776741318095,12.902173264084276,17.876491513482097,23.315060679291626,29.312083365597093,35.974796894361035,43.428052074916195,28.320554840855007,54.665996158206326,83.60753576058013,115.71136220421343,151.59850152050913,191.9785918414359,237.67936271441846,5.816622007338194,7.684618688384745,9.686250740021377,11.851366160128533,14.212212960259977,16.80514953998192,19.67214636050061,28.06123144083146,53.88406909720952,82.0474519503644,113.14183211572964,147.83265306454285,186.90226217788629,231.29145948096,5.411778229478063,6.87401920133299,8.488871624189564,10.286774394155968,12.30192944842983,14.573915104340655,17.149243773585166,4.0,4.0,4.0,4.0,4.0,4.0,4.0,8.377899290824201,12.993758806077336,17.986634040816334,23.44183937886824,29.45235020288802,36.12386405243264,43.579269411154485
27,NC,28.65994258774118,39.49908064491773,52.20248621605135,68.01613493597375,89.18472313803947,119.84344816790062,167.700980791448,28.276226972602146,40.25625895893102,56.08782074431695,78.59737595266158,112.99797784515059,169.02002431480378,264.94302529519183,21.18900881962366,26.256360005311116,35.61456021203365,53.06506271948012,85.80991942780096,147.49988155066978,264.01576374957386,35.05541124476832,51.64311037411732,69.35893077092918,88.46447881744929,109.24572604362416,132.02859098615917,157.19302437327195,110.16793629040049,209.01419397613435,317.6588023734422,438.220323997584,573.0296489186379,724.7539461775684,896.5064481893635,25.278889534814013,32.52243991037561,41.39266770988213,53.208155122022085,70.41920808159924,97.62297485406266,143.48500586796803,111.02718490025364,212.29466035513784,325.5971609448763,454.0349930410759,601.3175290865089,772.0315521347654,971.9606972012754,25.873820663868923,34.23080259288882,44.81564714406594,59.285733517980155,80.70489500550507,114.7993888616194,172.33497166485947,23.0,26.89999999999999,30.8,34.699999999999996,38.599999999999994,42.49999999999999,46.399999999999984,32.65814769683991,48.36109069947532,66.91909755934701,90.14016213641307,121.24359838442629,166.11899009419002,235.69879016950094
28,ND,6.379475967132699,8.885326561404092,11.5639398595324,14.460915682715529,17.625842027505925,21.115225002701003,24.995155067671448,6.1581182284501566,8.503171244674231,11.084472135198926,13.952160469074448,17.16178537658788,20.77712614699932,24.87277207265659,4.0,4.0,4.0,4.0,4.0,4.0,4.0,8.161938333776117,12.55107830765153,17.25009679127061,22.340307836856894,27.91028243092018,34.06112155864391,40.91126618446113,30.363809648906237,58.92553689691618,90.30000905162626,125.09880546046054,163.9933306276709,207.75092181540842,257.266557563911,5.412002880305075,6.862259223957701,8.374410179111432,9.970910368989134,11.675674145046566,13.515707623304174,15.522591872365258,30.324385216521197,59.11730599616604,91.19427522763529,127.45787711929682,168.98757902050016,217.11761795464503,273.5279478157084,5.154914087768475,6.41026516693634,7.792385262662601,9.32811083461107,11.047202407829637,12.983846323914657,15.178034443008523,4.0,4.0,4.0,4.0,4.0,4.0,4.0,8.090391381207764,12.409278664816952,17.038481583562834,22.058569838915624,27.55740201703593,33.63535066030937,40.41007594558766
29,NE,9.028496731783253,12.089013524504537,15.356610633682195,18.878516397409598,22.705681772282645,26.89554013378001,31.514385854259906,8.533130797510116,11.288273540285454,14.322934658401008,17.69599457207508,21.472872702067853,25.72878823141348,30.551782407423307,6.0,6.0,6.0,6.0,6.0,6.0,6.0,11.42842356285436,16.926010277781057,22.800314119911302,29.137150134055027,36.02912416241433,43.58066702773763,51.912368363317306,35.6496473786243,67.79709340387768,103.13003595675085,142.33656011329967,186.17392716195823,235.50868265870577,291.352258531833,7.8830019438996235,9.677507076716447,11.542970183586354,13.49812222676398,15.562162500670548,17.75594318006142,20.102878957226892,34.91326079639926,65.7139183536932,98.98582094176608,135.3002262237955,175.27822099167236,219.6264726415315,269.168556002467,7.821180623579745,9.626735798300352,11.583557109436523,13.723421717024536,16.08167272107487,18.698968753065586,21.622913638360917,7.0,7.699999999999999,8.399999999999999,9.1,9.799999999999999,10.499999999999998,11.2,10.533547934514065,15.34937897013159,20.533213172961965,26.168888588194683,32.34691524342355,39.169406641602244,46.754323539287164
30,NH,7.479491719780996,9.638806790449387,12.110647532972758,14.975614335017488,18.334116501452822,22.31251469948904,27.07069202850222,7.619324989509977,10.10202604353049,13.090775834000034,16.721578013236066,21.166042745220743,26.642169281924474,33.42787743249912,6.672910455432401,8.335947573814344,10.486510888642352,13.2675207169641,16.863795056759884,21.514332065066103,27.528193195263928,8.12921993105347,10.73631568213932,13.547825131998758,16.604476564444905,19.952067021406933,23.643593145608925,27.74132115256997,17.01022468649238,28.99557771729932,42.213399334824935,56.92514581834223,73.42119787605058,92.03584353829417,113.16098603676772,7.014756709615738,8.741151616781034,10.74327391702284,13.09683846485058,15.897995937625211,19.269490966497077,23.36845363306635,16.96586780756875,28.909040765351147,42.0850876256419,56.759722924473515,73.23317731363102,91.85644297273093,113.04730579479646,7.113865871764481,8.937457739709632,11.053524374719379,13.540905657065556,16.49924714231264,20.05527079508784,24.370666824809895,6.499999999999997,7.499999999999997,8.499999999999996,9.499999999999996,10.499999999999996,11.499999999999996,12.499999999999995,8.221848649488757,11.242760746539318,14.777811687972045,18.9589757700974,23.95012042868788,29.95700841156438,37.239548701514394
31,NJ,829.1838024782834,1054.043929480156,1353.6603603624026,1761.6113995092335,2328.121524289226,3128.802498581663,4278.162242695478,868.4568805711808,1152.6404331258527,1551.8328020464576,2119.9674227645396,2938.2013863850657,4129.301706254206,5879.887783270682,1011.7205729234555,1483.392760668695,2183.1853033137463,3225.0523783726535,4781.676126419628,7115.651121108348,10627.698295239947,769.7564347526775,913.3901701235462,1079.6045304309762,1273.7377667356561,1502.5553085858394,1774.6782048399725,2101.152787144697,768.3545169968259,919.9459900334906,1101.3996165502037,1319.779470618843,1584.0159044223055,1905.462819431292,2298.6340471304334,857.3335089056401,1116.0082477723067,1468.9645105885088,1961.3351105255424,2661.376917108439,3672.836344471345,5154.138409345725,763.7416374643278,909.5431330152779,1083.7302957249374,1293.0062315637106,1545.8672432139244,1853.1498848603835,2228.760145624341,855.9639886594873,1113.0270606859026,1462.4786691389513,1947.985882898925,2635.4012004599067,3624.5509928707265,5067.492604979726,803.4999999999999,951.1999999999998,1098.8999999999996,1246.6,1394.2999999999995,1541.9999999999998,1689.6999999999996,833.7298126687054,1072.2884517390776,1398.2048251327567,1850.4931803221907,2487.4154240811627,3396.5482825158224,4710.322520890239
32,NM,13.728056558285125,17.95232659686376,22.72214845955221,28.228901384962104,34.73058674732171,42.58185452751727,52.27580040034356,14.279905796793606,19.5110173708845,25.98645507707685,34.15094339213573,44.62034631483413,58.25506938536794,76.26427624889547,13.740244604195635,18.840516435891054,25.998720041542317,36.052432775082195,50.183321557489194,70.0599039621836,98.04015109594232,14.930136935053474,20.205663732040595,25.80210038720577,31.79530585795854,38.26711948228904,45.3099422838151,53.03072368531738,32.89656732487884,57.78506833835773,85.20403846515646,115.69608162999437,149.8615507664385,188.39019301051252,232.08966923489828,12.918636157030093,16.28230636905622,20.116378031129642,24.61228835672486,30.035873992473558,36.76090772289656,45.31646953440832,31.12317044092887,53.062147881514456,76.20657529089199,100.92092216949112,127.59462836913917,156.67045578741215,188.66961557354801,13.16472449681635,17.106184768270754,21.881184772445316,27.783046429023784,35.216757858682236,44.745933993423726,57.159289083463186,10.999999999999996,12.599999999999998,14.199999999999996,15.799999999999995,17.39999999999999,18.999999999999993,20.599999999999994,15.199397496120257,20.961793784797564,27.46196049895811,34.96065325413386,43.80660872585932,54.47745036778498,67.63625259383744
33,NV,52.58701003446689,63.18721051151281,75.64036576740045,90.37678221907339,107.9326789825272,128.97916711416514,154.35933410208253,53.43503270634,64.87545210339589,78.6075233352272,95.15456538312,115.16433039639344,139.44104696483578,168.985718801251,55.40690028250388,68.0906250357006,83.77853987618447,103.19146348552219,127.22399047123241,156.986457896448,193.85705296904348,52.05615222099534,62.32096284717828,74.15026123564405,87.90129640613324,104.01943602535253,123.0640110892078,145.74167420986413,58.68218548850184,76.39068131983466,96.60208973983609,119.86022132475678,146.81410305889472,178.25272609033377,215.1454109052309,52.7622735503925,63.32720248160198,75.7604433556932,90.50938230759968,108.13386270272805,129.336702283701,155.00282635586223,60.24865141512331,80.29984911576051,103.88982769214118,131.92067678923553,165.53228326538763,206.18676603041598,255.77971306800228,52.02510953694059,61.658543484766255,72.8870169382971,86.07475146638089,101.67283809525657,120.24153423618776,142.47835171512497,48.99999999999999,54.69999999999999,60.399999999999984,66.1,71.79999999999998,77.49999999999999,83.19999999999997,53.812754263641025,66.01272078278043,80.61422945016062,98.17567514275501,119.3922321146675,145.13353049836093,176.49174026021103
34,NY,2841.280583564897,3426.346353165218,4141.2738076212845,5025.443347281565,6131.697034072403,7531.4790715253475,9322.136969304618,2889.726403962393,3543.9538100638993,4364.618892081014,5400.603252581689,6717.149309583162,8402.071252686022,10574.60170414878,2904.7654497001727,3552.145051462691,4359.700976268273,5372.434084086777,6650.010392022474,8272.333594361919,10347.551962874211,2832.5806754473174,3406.5010407425366,4102.845616780908,4958.825759888221,6024.243097354383,7366.1885701829715,9075.645791163306,2924.694691712237,3622.456241495752,4491.335152175233,5581.251190359579,6958.284530333437,8710.545658334875,10956.333128000739,2818.1440524186933,3367.322681910843,4027.9395245290148,4834.532360031122,5833.748443710638,7089.095252420687,8687.744432166091,2984.4163686354013,3772.464362238043,4774.779469409413,6059.108926429445,7716.8324969423,9872.077651449115,12694.61391907033,2811.6218258387885,3350.676609442677,3996.3916368147784,4780.200899721162,5744.05529351057,6944.386884973251,8457.731229647907,2679.9999999999995,3020.7000000000007,3361.3999999999983,3702.099999999998,4042.7999999999975,4383.499999999998,4724.199999999999,2907.2660204900144,3589.4694477276594,4450.893869550311,5545.876232447265,6947.3752258824015,8754.134219208518,11100.890663732425
35,OH,114.95090220902951,141.47809962367688,171.95110961077853,207.41672806810396,249.22525982485277,299.1391916453245,359.4796314748716,117.4783749435147,147.06285335453651,182.25469939119122,224.5996942853106,276.11606401595327,339.46714892940037,418.19660202709593,112.47017197819605,135.41694430476804,165.15520563945773,203.95727038265647,254.9209692905709,322.2869372736911,411.8827888991089,118.84418547942587,149.6748746440993,183.75879337502124,221.7858496597122,264.581844366988,313.1519292529497,368.73290821212333,178.58172430294573,274.5606631088845,380.980432022987,499.9899141308443,634.0159525542255,785.8804894937125,958.9153154375896,111.58076448874553,134.08415080521317,160.35243351505846,191.50669479746065,229.03348297561786,274.91931224978566,331.835647295705,183.2383877878286,286.83936730851883,404.7325895830569,540.2906862981835,697.5939215806359,881.6869392952565,1098.8891115508748,111.85348597731507,134.48550480295185,160.59125897402654,191.13370678261828,227.37054115838808,270.9602412107817,324.10620579213065,103.99999999999999,116.39999999999998,128.79999999999995,141.20000000000002,153.59999999999994,166.0,178.40000000000003,121.75335958527587,156.42001175450633,196.99760932351887,245.04924592084322,302.58899620746746,372.24654476187874,457.489161960316
36,OK,48.34776561967985,59.365205595932004,71.86283668998934,86.20067216668663,102.8265141690371,122.3045010499432,145.35125819176818,49.92951824995213,63.25964445938742,78.68284460868425,96.69235378872023,117.89596787395342,143.05186558763205,173.11287632224779,44.45092711776613,51.76433979374142,60.97877868139284,72.63054656515607,87.4143272686176,106.23141441850777,130.2529360531834,51.71480534709472,66.04451879066438,81.90442924309322,99.63682424256716,119.65319019493437,142.45879850575295,168.68253351122988,100.24136358165573,168.06578129471174,242.93034045835878,326.324566364599,419.90762479581645,525.593121510839,645.6277097921253,45.62524375477642,53.52447947879949,62.61275753534479,73.21454149251002,85.74726575290478,100.75116574200186,118.92857568606061,107.65402444395839,190.31285306640007,289.96271123061985,411.6297636033347,561.8724912681871,749.3928397819111,985.8761234867385,46.90312857850993,56.37631801062436,67.05816445062163,79.24006817826532,93.28350535712764,109.6419713186044,128.88835618311643,43.49999999999999,48.49999999999998,53.499999999999986,58.49999999999999,63.50000000000001,68.49999999999999,73.49999999999999,51.81035179375377,67.16680173253077,84.92055506317215,105.64818845788082,130.06305438710663,159.06026360893853,193.7732129828107
37,OR,27.26280642871051,32.661029232150156,38.4126831468383,44.58829673977173,51.265577351273684,58.53278292880732,66.49194815952569,27.529355039443352,33.293449982872154,39.70706082283728,46.887837431886936,54.9708856871588,64.11413002706692,74.5040811787349,23.886318692193694,25.404330414365276,27.07179539437741,28.903877304358268,30.9173240862389,33.13063809345458,35.56426496670033,29.263925101181048,36.95813061627716,45.153952540166976,53.95731355427599,63.48447879215721,73.86746667515754,85.25910775483948,52.17473658779873,85.11280286070672,121.5067186538167,162.0732629870598,207.61481372930328,259.0587051219943,317.4945019969009,25.843158300101365,29.606771612501813,33.50723259670266,37.57217707106263,41.8298013867263,46.310068184327996,51.04562767533791,49.78230363278143,79.2376284517573,110.87333539636198,145.19210185166637,182.7445583852498,224.16123952258724,270.18199757966903,25.689561188133844,29.41401864628638,33.472246565687534,37.925041506360174,42.842216229150104,48.30538575267468,54.410961469326395,23.499999999999996,24.900000000000002,26.299999999999997,27.699999999999996,29.099999999999998,30.5,31.9,29.62383592576134,37.53231900343994,46.02445796298998,55.2171504704991,65.23898085460777,76.23591887184985,88.37670772278025
38,PA,125.44028886394723,151.12859273426702,180.0166246457896,212.75753763408895,250.13741581567228,293.11064511453463,342.84267311394575,127.91306182740246,156.78827286855523,190.2231064967737,229.1654402113071,274.7620224786571,328.41030221999983,391.8214438905531,121.87430727623897,143.76466433978055,170.4022180735864,202.88746200369266,242.58923062446047,291.21268977885404,350.8850757207232,129.11586844625006,158.69587207786577,191.31492184458025,227.56767654864132,268.1550167875442,313.9148685610971,365.85787139461416,178.72381762081534,263.0975128442876,356.9406009022922,462.1887518789718,581.0433049329808,716.0764753684076,870.3369249667375,121.89307194820599,143.44786377498625,167.66696334738327,195.11147516272842,226.4650055157161,262.5653050169512,304.4433972252145,180.6208000182629,268.86167075566107,369.08518015759535,483.978845947033,616.7517236462926,771.3148269058299,952.4918437825643,122.79972639485425,145.40948869971544,170.86927456810446,199.77382179636382,232.84458348073895,270.9625325986585,315.2082992060945,115.49999999999997,128.79999999999995,142.09999999999994,155.39999999999998,168.69999999999987,181.99999999999994,195.30000000000004,131.30795916874226,163.98761714636137,201.39620020612702,244.5026019115579,294.46967813940813,352.7069104756866,420.9335213312449
39,RI,0.2980589146961437,0.6213826793723803,0.9770590911918897,1.3721085344471122,1.8142330596858198,2.3122350971161048,2.8763813416171646,0.31789858403465987,0.6614665257516212,1.038238223659078,1.4555791332238421,1.9215152227145689,2.4451844191035885,3.0372208295736876,0.0,0.0,0.0,0.0,0.0,0.0,0.0,0.5638501658318642,1.175501556211327,1.8483641131680855,2.5957207323212943,3.4321444345244876,4.374290608330833,5.441585575115733,5.208456365650031,10.837479969208722,17.010514537204493,23.848235830205834,31.482141462920037,40.06194740231941,49.76188306001767,0.14278623233310178,0.29833749166884754,0.47006229242571035,0.6613871390986114,0.8760995681146847,1.1185462181370989,1.3938091667582206,5.275611349384477,11.029976056249556,17.39062797751821,24.48628390568355,32.45960203602903,41.474635600262225,51.72353075750813,0.16395272642476694,0.34114414402007087,0.535460036615809,0.7506990575114636,0.9910005122778364,1.2610771870556194,1.5664135066056375,0.0,0.0,0.0,0.0,0.0,0.0,0.0,0.5638501658318642,1.175501556211327,1.8483641131680855,2.5957207323212943,3.4321444345244876,4.374290608330833,5.441585575115733
40,SC,44.052910219037294,53.72999991587636,64.5217171528726,76.68368170291097,90.52979233292744,106.45157483086103,124.94250506326792,45.31623443799872,57.029158219392656,70.53008863095619,86.2363966836866,104.66373132491428,126.45788981490207,152.43498743455868,39.94432960063303,46.049023833748464,53.66635129470449,63.21987008274374,75.26238195288576,90.5177304050563,109.93665277932884,47.10508819926079,59.693585440269736,73.3728479153752,88.36195326866353,104.91384264898906,123.327353303008,143.9605076262277,86.15136069931818,141.96323422789294,203.60686238097608,272.2940463529635,349.3803588055739,436.4316221798363,535.2868252742281,41.48319308745538,48.27675262329682,55.88242507635581,64.50804927498973,74.4189657231115,85.95709705154984,99.5661443359021,89.67702342753516,152.63816061526603,226.400512739219,314.1183388199805,419.93071168273895,549.4079362593402,710.1963581124149,42.9168915289227,51.408129780362856,60.92265675847199,71.70333926400421,84.05187388317145,98.34794015756866,115.07353607654963,39.99999999999999,44.499999999999986,48.99999999999999,53.499999999999986,58.0,62.49999999999999,66.99999999999997,46.92461944060535,60.255664682617315,75.40976867684616,92.79933009650317,112.92772461083976,136.41971276511768,164.05929003485215
41,SD,4.559458273405232,7.137178746568947,9.864164770817045,12.786704300567639,15.952725590849276,19.41485879797856,23.232862092721557,4.154922486449733,6.488639559397725,9.051530277408226,11.893574524327747,15.069579463330289,18.64214743604517,22.68426968268456,2.0,2.0,2.0,2.0,2.0,2.0,2.0,6.644151081580915,11.341870418625005,16.319969501236603,21.663169090225406,27.459476590167824,33.8057879289916,40.81234850102414,34.45319337735823,69.56144433453038,108.0889083134698,150.7878753019918,198.48058872663964,252.10466629628615,312.752246104021,3.5619956348665904,5.047253560063181,6.570532630793661,8.154206551935145,9.819900130340335,11.590136896462907,13.489523040516225,33.91768585488737,68.03584552141216,105.19889128189396,146.28479393254878,192.30763045280523,244.49604732398473,304.38063171910727,3.344587898141018,4.69199636723558,6.158521583757708,7.770123249395166,9.555275811845396,11.546507942019998,13.781749429073644,2.5,2.8,3.1,3.4,3.7,4.0,4.3,6.307621942192304,10.803423795603225,15.579605394581659,20.720887499937298,26.31527751624655,32.45967137143715,39.264314459836534
42,TN,49.47011225517165,64.46854937808189,82.21733340180269,104.22562316971731,133.14660058304338,173.77357472976848,234.91640157347732,50.53341816406182,67.96342306548254,90.29872727285951,120.60181743590955,164.37978537144141,231.72974365026963,341.38934783528526,44.57989105835412,56.02784709084689,73.32771667106066,100.67867405668113,145.78529211714482,222.9340429103088,358.81093827161635,54.120760639881496,73.31717550799323,94.23072099381513,117.21354420535835,142.670563856178,171.07983960873813,203.01428295240802,128.0953159706734,228.1554502575262,338.3376136215038,460.81339729037217,597.9833463628086,752.6033652895721,927.8983827804984,46.326728371581474,57.90731516268004,72.04771660470938,90.37409717459987,115.82695233909018,153.8131392632421,214.38222036328253,133.4731455564504,245.70122736973755,377.0706223392249,532.8937313148732,719.9225545135507,946.9283967732994,1225.4722816944384,47.963387966670446,61.35687602655698,77.72312799526036,98.88632060855505,128.1180298826009,171.40363870486405,239.83276268295234,44.5,52.09999999999997,59.69999999999999,67.3,74.89999999999999,82.5,90.09999999999998,53.04173698604081,72.73895583427439,96.55724410874099,126.73946618195406,167.2140365748862,225.0640438381881,313.29291753512956
43,TX,116.56069564135771,145.6892017830042,179.16586372504403,218.6558293600437,266.6108951464971,326.7255910849294,404.6578230111648,121.57063609389691,156.80628316488674,199.78021235845443,253.57412733841636,322.7816460083747,414.37548056908514,539.0795371233437,111.90788068220334,135.96038943582562,169.5688726799468,217.5825866139299,287.58693856315244,391.51413245290286,548.2191201999802,123.45936541586858,160.11534919725688,199.77112934345254,243.0574331570979,290.69485243218725,343.5301983802521,402.57474030617044,251.35074467950548,427.06831687878645,620.9346740673282,836.8039899768384,1078.9634918380507,1352.3542756001684,1662.7748824863363,110.7507965586845,133.32881871146677,159.90734450125368,192.33875284752324,233.46932833458786,287.7289985217817,362.0741107082626,254.1717335280323,440.18469817349944,654.6736641956992,905.5833151150547,1202.945825853492,1559.7350984177629,1992.9878042979474,113.33150041276691,138.94950804716223,169.27568731133454,206.2538249988885,252.805738409558,313.39573274819713,394.9258404634125,103.5,116.79999999999997,130.0999999999999,143.40000000000003,156.69999999999987,169.99999999999997,183.30000000000007,125.68238005613756,164.9400617683995,210.75643885226893,265.5719610918862,332.94769579150187,418.21502297795087,529.4992323917637
44,UT,7.824008168504909,10.605419022985572,13.556260093416643,16.714956277693787,20.12212876671992,23.822807190552084,27.868224899715763,7.295514444993889,9.67938726783148,12.321195889600068,15.271299589131651,18.586397208244104,22.332074519488476,26.585290990712238,5.633699263708116,6.0808602461189105,6.583048606878712,7.147035984138155,7.7804273300202675,8.491763457768037,9.290636208286124,9.402719536798811,13.811712085685885,18.47248043768306,23.446381200688688,28.79765532973637,34.59719916602176,40.92554486530664,25.234171703499005,47.180546445557475,71.31098322221746,98.0971801174066,128.05844417844077,161.78933012053315,199.9841418323599,7.134922684170005,9.119840999472707,11.17916541307911,13.331356311323015,15.594462842318928,17.98722997373219,20.529816570796434,23.928509916949828,43.350372474423914,63.5624668312718,84.8199338050876,107.37728896350355,131.50781904952717,157.51767968822247,6.728487705739518,8.34179894656764,10.105830534585253,12.049591192183566,14.20585468869622,16.61259299410699,19.31439858810411,5.999999999999998,6.6,7.199999999999999,7.800000000000001,8.399999999999999,9.0,9.6,9.114732099386046,13.362450670752152,17.876231606141495,22.719097563774522,27.957171408418045,33.66346471985411,39.92088030880256
45,VA,36.71114365313167,47.828299172392335,59.88146721309594,73.09626581451832,87.72667336355767,104.06915652383964,122.47673697493458,37.53179509853063,50.10818318181187,64.26907634329953,80.35209497148941,98.74896286844496,119.92480416154491,144.4385192897246,31.175482502854916,36.62302782527015,43.34876209401244,51.658953272280215,61.934020820545555,74.64657918830045,90.38388244194645,42.365414004060234,59.44589386095376,77.81033905573382,97.78310322410924,119.72107285232575,144.03497949365797,171.20946166361432,141.41205266124612,266.53570902164864,404.1077709600154,556.8481331034181,727.7464886304688,920.2254638187517,1138.2841269353303,33.095032173397314,40.07143970295446,47.48846331878537,55.46666015438341,64.1419247846147,73.67343974314967,84.25181684174154,142.13109648729886,270.5792595506847,415.55692201368777,581.921933376173,775.7044047930882,1004.6406546337072,1278.8627123116992,34.10532853481768,42.492622317227664,51.82664492322171,62.30856908750673,74.17350370725985,87.70193156025793,103.23207680048336,30.499999999999996,34.0,37.49999999999999,40.99999999999999,44.499999999999986,47.99999999999999,51.499999999999986,42.297868270630225,59.58754742625746,78.36077879737749,98.98504787131638,121.87042438035535,147.49326029319133,176.41923227901583
46,VT,9.33682915702437,10.7786301024197,12.349059899512412,14.072879707477899,15.977900986007887,18.09628437329274,20.46580603099586,9.498572948844021,11.1593365301678,13.01812355631902,15.114169825618236,17.492749754143357,20.207225329485794,23.321215337539993,8.0,8.0,8.0,8.0,8.0,8.0,8.0,10.073677633190359,12.312820508494193,14.756932357471168,17.446844012557346,20.428199077293616,23.753684613566026,27.485153478366925,21.345480041486272,35.880599603219856,51.9204970423155,69.78535230849891,89.83105693532457,112.46772123181536,138.17663316556582,8.82240767449967,9.694645598873018,10.627130789594213,11.630505052209811,12.71647792789513,13.898350900665397,15.19150478099139,20.911588487917893,35.002853281484136,50.58313899875847,67.9744505300572,87.54097195999546,109.70851422856005,134.98353869513986,8.71649391290183,9.509079673908534,10.394855731694449,11.392407273808049,12.523103670276353,13.81207832862375,15.289251568613508,8.0,8.0,8.0,8.0,8.0,8.0,8.0,10.294208179492983,12.769944966866635,15.469230645530349,18.435789002165144,21.71862272884326,25.37435171184981,29.46946655314904
47,WA,319.4594760651941,359.41947774606325,404.78004823258146,456.76421384591043,516.9135959645445,587.1871454485168,670.091725177359,323.8942691084331,370.7790854107601,425.9757503149769,491.50427587522387,569.9543253619648,664.66937670367,779.9937799792671,306.3315795999635,331.01029774729534,358.8336490033248,390.486217747146,426.8544645628813,469.09344880804827,518.7165805554724,324.81936151141326,371.27645359695146,424.14092198794265,484.89103433160454,555.3816363512346,637.9605277452691,735.621431364967,369.5502201887548,470.35503565595405,589.0087508409015,729.9236468906738,898.6525838547875,1102.2714189201035,1349.87765697324,312.805772859728,343.92116649559074,378.07867933134406,415.87414872100385,458.04168093949,505.4930919574051,559.368696352174,352.3363476481604,429.68551897335277,516.8154684026604,615.744361638873,728.8653637592924,859.0630849651427,1009.8483004036975,315.8213314152132,351.4725102136264,391.9621283320779,438.4576281981988,492.45451410236006,555.8820975813406,631.2454314656729,304.49999999999994,324.3999999999999,344.30000000000007,364.1999999999998,384.0999999999999,403.99999999999994,423.89999999999986,326.7685192951626,376.3327086441028,433.81635790890556,501.0225909605528,580.2234776882434,674.3062239692721,786.9661533558145
48,WI,49.659387917822826,63.69296260946478,80.11180565685557,99.73792392621183,123.68574171697846,153.4834265711783,191.24092045236085,50.99748388157873,67.74086172973462,88.95682379390445,116.2632236566736,151.89230559324528,198.941870714245,261.72687869373664,48.921948960121256,64.19224747860363,85.45335579723856,115.12965241497977,156.64003879948697,214.80866588120034,296.4459461355342,52.065922064338054,67.84589951256393,84.82708019672826,103.27153951585328,123.47369367888953,145.7753563572456,170.58058404541293,97.42866364399886,163.29397098586062,236.0345187583285,317.11858890460184,408.1828416927615,511.11760951206895,628.1460698507976,48.00004692968853,60.251702163577576,74.89547745411521,92.8332850953318,115.3130380879185,144.07295264126952,181.54374071524475,95.99589200007368,159.64460641405034,229.41444560975455,306.86054408190284,393.7844706472585,492.3561268656236,605.2468705999627,48.19442972262218,60.932695868657376,76.50242238863564,95.94845956156773,120.71927350005552,152.83272985132297,195.10886803393615,44.49999999999999,51.49999999999998,58.499999999999986,65.49999999999997,72.49999999999999,79.49999999999999,86.49999999999999,53.437805736341865,72.04649879404647,94.02297084550854,120.49858879482527,152.99216910690882,193.57147965831146,245.07521401873046
49,WV,4.002428738245671,6.063776604988956,8.312897974967106,10.791837159756781,13.547160428344597,16.632532262329384,20.11107617349045,4.272718458458517,6.7355572143949605,9.441424406085021,12.44304886584402,15.798363936716,19.573607707813654,23.846055023671187,2.0,2.0,2.0,2.0,2.0,2.0,2.0,5.716630133856411,9.551331326456387,13.736385450528415,18.350270958442405,23.479858852765275,29.225231449243758,35.70408762583326,34.45319337735823,69.56144433453038,108.0889083134698,150.7878753019918,198.48058872663964,252.10466629628615,312.752246104021,2.8950698388919855,3.7456995735264136,4.663691487245353,5.665019182790995,6.767645319643342,7.992569815168035,9.364851961796429,35.4991890315682,72.76794655637234,114.86650641418376,162.96143940233256,218.4322086126233,282.9580826238311,358.61584968529314,3.413504947355193,4.836456622464207,6.386630850960263,8.09159561886956,9.981654359111038,12.091462852581207,14.46145702989986,2.5,2.8,3.1,3.4,3.7,4.0,4.3,5.331204443752702,8.93465022229045,12.888448932300255,17.27107902615202,22.16941150641266,27.683528688828925,33.9311294513562
50,WY,1.4285256150430148,2.8996224684605147,4.441165502572501,6.07756707873661,7.833455872886796,9.735395001074465,11.813113922684607,1.0808551857178434,2.248986187555513,3.5300099604408652,4.948969052961061,6.533151757229533,8.313627024952199,10.326550820550535,0.0,0.0,0.0,0.0,0.0,0.0,0.0,2.604918927050609,5.292919943641298,8.11494500246839,11.115802828876335,14.340851234535046,17.839130416043574,21.66562254834461,17.708751643210103,36.847431895309654,57.835749426495276,81.08400182269983,107.03928097392816,136.21062116788602,169.19040240406014,0.9287214727670635,1.8575766623719707,2.802416534394006,3.775817349563621,4.78945344781165,5.85509622991928,6.985227325822912,17.01510095380367,34.667452894416755,53.26964206870878,73.0970643038033,94.42872651847904,117.56618147740927,142.8470659824465,0.5574392698442077,1.159890089668241,1.8205641244937507,2.5523767955389762,3.3694017417446425,4.287662435989106,5.325805922459168,0.0,0.0,0.0,0.0,0.0,0.0,0.0,2.604918927050609,5.292919943641298,8.11494500246839,11.115802828876335,14.340851234535046,17.839130416043574,21.66562254834461
51,US,7851.507982846636,9559.706450705806,11633.83952477479,14205.85636398615,17470.14259477891,21723.889510582652,27441.003870221415,8032.954662589184,10001.368732926401,12487.487984324755,15684.883667002703,19884.49422940289,25541.29793144966,33398.7266587269,8118.942530527273,10202.215626000308,13007.180250000221,16853.38323502823,22241.92833908999,29986.26629690452,41457.49326641538,7883.096069283098,9591.049128416898,11567.033255915148,13884.849976599467,16640.70624679868,19961.56254026646,24016.676173317726,9900.417768560423,13857.36118221658,18383.222974249245,23615.7513822995,29723.566591208182,36917.81352484202,45466.689423537624,7758.96608948656,9354.714300933634,11312.928345640988,13779.600110481486,16976.567466013916,21253.027308872446,27180.852765369946,9997.29617939864,14174.822674780908,19101.227400805266,24997.109012764424,32152.41934294959,40957.38663381828,51948.597268510304,7778.012003336487,9390.654378968324,11357.558796783702,13813.843407964992,16962.813650130476,21121.789117103068,26806.637983724788,7335.999999999999,8292.8,9249.599999999999,10206.399999999996,11163.199999999999,12119.999999999998,13076.799999999994,8102.954194130072,10142.510228625579,12672.019798766056,15866.736604207335,19985.43850166447,25426.27116532658,32830.76924077887
